"species";"result";"ViltID";"Ankomstdatum";"coords.x1";"coords.x2"
"Ormvråk";"0";"VLT 47/17";"2017-01-10";"13.323689245704";"55.4858599616575"
"Gräsand";"0";"VLT 260/17";"2017-01-27";"17.0184679960662";"59.3620727669989"
"Sångsvan";"0";"VLT 1032/17";"2017-03-07";"18.2128510036541";"59.6001836147867"
"Kråka";"0";"VLT 1405/17";"2017-04-21";"12.8526385568224";"55.4080966113067"
"Sparvhök";"0";"VLT 1418/17";"2017-04-25";"17.6222154473619";"59.8774231799353"
"Kattuggla";"0";"VLT 1492/17";"2017-05-04";"14.0001882711598";"57.5715464046302"
"Kungsörn";"0";"VLT 1697/17";"2017-05-30";"12.6640551819684";"59.725505791357"
"Grönfink";"0";"VLT 2091/17";"2017-08-17";"17.9179271723538";"58.9498093561883"
"Skata";"0";"VLT 3043/17";"2017-12-06";"13.2275031171791";"55.7227147905263"
"Ormvråk";"0";"VLT 622/18, 3";"2018-03-28";"13.1022861598849";"55.6834411020558"
"Gräsand";"0";"VLT 1238/18";"2018-06-13";"12.982368398155";"55.5818957789577"
"Vit stork";"0";"VLT 1942/18";"2018-09-27";"18.5570478612071";"59.7762076095026"
"Koltrast";"0";"VLT 2064/18";"2018-10-15";"17.632198173913";"59.7888059756597"
"Grönfink";"0";"VLT 2480/18";"2018-11-28";"17.6922610811976";"63.1474895597973"
"Ringduva";"0";"VLT 2568/18";"2018-12-11";"12.9678092985237";"55.5761318528618"
"Gråtrut";"0";"VLT 74/19";"2019-01-22";"14.6803036606714";"56.1032701319907"
"Skata";"0";"VLT 637/19";"2019-04-02";"17.6335725017766";"59.7878800901817"
"Kungsörn";"0";"VLT 137/17";"2017-01-16";"18.4127639548702";"57.1127374758597"
"Ormvråk";"0";"VLT 275/17";"2017-01-31";"13.0511331957833";"56.1387020604847"
"Kaja";"0";"VLT 952/17";"2017-02-27";"16.5488579286943";"59.598985767994"
"Sparvhök";"0";"VLT 2471/17";"2017-09-19";"18.3586532598493";"60.2629152510205"
"Sparvhök";"0";"VLT 2810/17";"2017-10-25";"19.4790103717435";"64.9127141074881"
"Koltrast";"0";"VLT 2905/17";"2017-11-14";"18.1689841738237";"59.2039083204867"
"Stadsduva";"0";"VLT 624/18, 2";"2018-03-28";"13.029882172707";"55.5829816964667"
"Slaguggla";"0";"VLT 505/18";"2018-03-16";"16.7382393846165";"60.6462233059187"
"Hökuggla";"0";"VLT 209/17";"2017-01-20";"14.5186130021301";"59.7826364871861"
"Havsörn";"0";"VLT 319/17";"2017-02-06";"17.4536064762194";"60.603379044328"
"Havsörn";"0";"VLT 792/18";"2018-04-18";"15.0536677537901";"58.1930503796773"
"Grönfink";"0";"VLT 1333/18";"2018-07-04";"16.8554667641821";"61.185616275008"
"Gråtrut";"0";"VLT 1733/18";"2018-09-07";"14.2853952044414";"55.928370980604"
"Tornfalk";"0";"VLT 1930/18";"2018-09-27";"13.3984612456953";"55.5997630487165"
"Kattuggla";"0";"VLT 2349/18";"2018-11-15";"15.2297977319086";"59.2841233813037"
"Gråtrut";"0";"VLT 2412/18";"2018-11-21";"20.5523130912127";"63.9062949974456"
"Skata";"0";"VLT 108/19";"2019-01-23";"20.3108070173625";"63.8460402107138"
"Slaguggla";"0";"VLT 981/19";"2019-05-23";"20.297919400823";"63.8169898666572"
"Havsörn";"0";"VLT 919/19";"2019-05-16";"17.4610953419375";"59.2940985178917"
"Havsörn";"0";"VLT 1205/18";"2018-06-01";"14.7848252124392";"57.761830332581"
"Havsörn";"0";"VLT 321/19";"2019-02-12";"13.8878307211499";"59.3715523781895"
"Hökuggla";"0";"VLT 179/17";"2017-01-19";"15.3870865697424";"60.4620861177248"
"Knölsvan";"1";"VLT 300/17";"2017-02-01";"18.0326937556139";"59.3280452946402"
"Kattuggla";"0";"VLT 931/17";"2017-02-17";"16.7191169758957";"60.6481052510291"
"Havsörn";"0";"VLT 190/17, Accnr.20176004";"2017-01-19";"13.5953012912492";"58.2993289855363"
"Gräsand";"1";"VLT 975/17";"2017-02-28";"18.370171843482";"59.3273189339219"
"Grönsiska";"0";"VLT 1298/17";"2017-04-06";"16.3455547361416";"63.1043631493383"
"Grönfink";"0";"VLT 1537/17";"2017-05-12";"16.2614368392191";"56.6284546376948"
"Hornuggla";"0";"VLT 1603/17";"2017-05-17";"20.9652374911398";"64.8053746787876"
"Havsörn";"0";"VLT 1818/17";"2017-06-26";"18.4277718487904";"60.3884728843899"
"Havsörn";"0";"VLT 1914/17";"2017-07-17";"17.7739346738368";"59.9544333605867"
"Rödhake";"0";"VLT 1990/17";"2017-07-28";"17.004241646226";"59.3660734882746"
"Skata";"0";"VLT 2087/17";"2017-08-16";"15.4042698358194";"60.7770679265074"
"Berguv";"0";"VLT 2428/17";"2017-09-14";"19.221039867914";"57.9947262620649"
"Gråsparv";"0";"VLT 2472/17";"2017-09-20";"11.4363003499409";"58.4426835084459"
"Knölsvan";"0";"VLT 19/18";"2018-01-09";"17.6090428471547";"59.6404914829757"
"Ormvråk";"0";"VLT 306/18";"2018-02-28";"13.3534355418964";"55.4820661030979"
"Havsörn";"1";"VLT 527/18";"2018-03-20";"14.7120184371196";"56.1007978106493"
"Gräsand";"0";"VLT 819/18";"2018-04-24";"17.9734674209954";"59.3830830360899"
"Sparvhök";"0";"VLT 1220/18";"2018-06-07";"14.2017172646767";"58.0965180988693"
"Lappuggla";"0";"VLT 1305/18";"2018-06-27";"14.8424967526957";"60.9223896792801"
"Grönfink";"0";"VLT 1453/18";"2018-08-17";"19.9915348965885";"63.8113070271991"
"Vit stork";"0";"VLT 1465/18";"2018-08-23";"17.8544936441136";"59.8008936408267"
"Havsörn";"0";"VLT 390/19";"2019-02-26";"16.1096078066039";"56.4948828198304"
"Sparvhök";"0";"VLT 405/19";"2019-03-01";"14.5606142338267";"56.7567821739399"
"Havsörn";"0";"VLT 898/19";"2019-05-15";"15.4416316057618";"59.3191706200752"
"Gök";"0";"VLT 993/17";"2017-03-01";"21.4747405993822";"65.3194002324926"
"Skata";"0";"VLT 1195/17";"2017-03-21";"13.3163410395485";"59.5050315512063"
"Gräsand";"0";"VLT 1322/17";"2017-04-12";"17.8894812973267";"59.5126929764152"
"Stadsduva";"0";"VLT 1755/17";"2017-06-14";"12.6919702219614";"56.0421538470581"
"Skrattmås";"0";"VLT 6/17";"2017-01-03";"12.9915421536419";"55.6030977532465"
"Gås";"1";"VLT 902/17";"2017-02-14";"13.2252687424976";"55.5063858654598"
"Råka";"1";"VLT 1004/17";"2017-03-02";"13.1872800586387";"55.6983761139483"
"Havsörn";"1";"VLT 1175/17";"2017-03-16";"13.1354694851288";"55.5388469489973"
"Slaguggla";"0";"VLT 1307/17";"2017-04-07";"18.6716895499338";"64.7406747836628"
"Ejder";"0";"VLT 1523/17";"2017-05-11";"18.9602232849762";"63.1960359081169"
"Havsörn";"0";"VLT 1589/17";"2017-05-17";"18.4382329410726";"60.2032776158926"
"Kattuggla";"0";"VLT 1909/17";"2017-07-14";"12.9969235688401";"55.6002020062676"
"Lärkfalk";"0";"VLT 2317/17";"2017-09-07";"15.5358925657741";"56.6295678747996"
"Slaguggla";"0";"VLT 2449/17";"2017-09-18";"17.1623414209572";"59.8813434987053"
"Havsörn";"0";"VLT 2470/17";"2017-09-19";"18.6535618168719";"60.2105019428639"
"Havsörn";"0";"VLT 2929/17";"2017-11-15";"21.546569804839";"65.293711076686"
"Havsörn";"0";"VLT 210/18";"2018-02-12";"18.8723914869878";"59.4394364403912"
"Gråsiska";"0";"VLT 222/18";"2018-02-14";"13.9620230085614";"58.1743123602247"
"Havsörn";"1";"VLT 594/18";"2018-03-27";"14.7122288597343";"56.1630520290408"
"Gräsand";"0";"VLT 1237/18";"2018-06-13";"12.982368398155";"55.5818957789577"
"Havsörn";"0";"VLT 1252/18";"2018-06-14";"19.2039385483235";"63.4193578183191"
"Ormvråk";"0";"VLT 1392/18";"2018-07-19";"17.5946046618052";"60.2801817369735"
"Havsörn";"0";"VLT 1987/18";"2018-10-02";"16.9489052950817";"59.5441036950321"
"Knubbsäl";"0";"VLT 2271/18";"2018-11-07";"12.9327761638056";"55.3920345243062"
"Lappuggla";"0";"VLT 2382/18";"2018-11-20";"14.6158423604757";"61.120635368234"
"Sparvhök";"0";"VLT 2484/18";"2018-11-28";"15.0586321000705";"60.712511624576"
"Duvhök";"0";"VLT 2518/18";"2018-12-04";"18.2256282789985";"59.2380608850952"
"Stadsduva";"0";"VLT 2582/18";"2018-12-12";"16.3198510637292";"58.4817502215833"
"Lappuggla";"0";"VLT 43/19";"2019-01-14";"19.0441909195996";"65.0215150766336"
"Gråsiska";"0";"VLT 100/19, Accnr.2019-6073";"2019-01-22";"16.9171536925442";"59.7753529685999"
"Havsörn";"0";"VLT 641/19, Acc.nr20196168";"2019-04-02";"13.4046081606014";"55.5630550923009"
"Sparvhök";"0";"VLT 850/19";"2019-05-08";"16.5521446106137";"61.8630525694092"
"Pilgrimsfalk";"0";"VLT 176/17";"2017-01-19";"18.4288410660443";"57.7964422468834"
"Bofink";"0";"VLT 251/17";"2017-01-27";"15.5600372522885";"58.2928475524692"
"Knölsvan";"1";"VLT 289/17";"2017-02-01";"18.1320283464961";"59.3251605015992"
"Björktrast ";"0";"VLT 1313/17";"2017-04-10";"17.6427706995773";"59.8485878729215"
"Havsörn";"0";"VLT 1852/17";"2017-06-30";"20.151964527075";"67.3203522381666"
"Stadsduva";"0";"VLT 2362/17";"2017-09-11";"17.6657043920511";"59.8534553315108"
"Tornfalk";"0";"VLT 2709/17";"2017-10-16";"14.0144728260313";"61.2550228469782"
"Kattuggla";"0";"VLT 2716/17";"2017-10-17";"14.2879400081209";"55.6147860919518"
"Stenfalk";"0";"VLT 2930/17";"2017-11-15";"21.5308949800691";"65.2356057814037"
"Havsörn";"0";"VLT 2894/17 Acc nr. 20176350";"2017-11-14";"20.6347203936284";"63.8013924756743"
"Havsörn";"0";"VLT 3073/17";"2017-12-19";"17.6292368501098";"60.2527782102418"
"Berguv";"0";"VLT 291/18";"2018-02-27";"13.432990608912";"57.8103369737799"
"Havsörn";"1";"VLT 826/18";"2018-04-24";"14.2735476038113";"56.1394466226092"
"Havsörn";"0";"VLT 1198/18";"2018-05-31";"17.0918346256287";"61.4196235834506"
"Gräsand";"0";"VLT 1235/18";"2018-06-13";"12.982368398155";"55.5818957789577"
"Skata";"0";"VLT 1277/18";"2018-06-19";"14.8295641149568";"63.0718689214772"
"Skata";"0";"VLT 1290/17";"2017-04-04";"14.8065747933356";"56.8767778484429"
"Havsörn";"0";"VLT 2747/17";"2017-10-18";"17.8601835134093";"59.6119257236838"
"Tornfalk";"0";"VLT 238/18";"2018-02-15";"12.9768533108306";"55.4379933071415"
"Ejder";"0";"VLT 730/18";"2018-04-11";"11.6486950970883";"58.1061861673259"
"Berguv";"0";"VLT 1410/18";"2018-07-25";"14.7207842275721";"56.8691826960693"
"Duvhök";"0";"VLT 1989/18";"2018-10-03";"15.6495767054899";"62.5445318472328"
"Lappuggla";"0";"VLT 2441/18";"2018-11-23";"20.6010884740578";"64.6557911893556"
"Ormvråk";"0";"VLT 365/19";"2019-02-20";"16.4603149554264";"59.3852130789644"
"Stadsduva";"0";"VLT 376/19";"2019-02-21";"12.6795967691853";"58.3415759157537"
"Pilgrimsfalk";"0";"VLT 925/19";"2019-05-16";"11.3036381758321";"58.4427059311005"
"Kanadagås";"0";"VLT 2606/18";"2018-12-17";"17.9653179001629";"59.3722811043981"
"Stadsduva";"0";"VLT 565/19";"2019-03-19";"15.2376742473166";"59.2810071427414"
"Nötskrika";"0";"VLT 155/17";"2017-01-18";"15.8652687418347";"58.3000199680091"
"Knölsvan";"1";"VLT 314/17";"2017-02-06";"18.0963065359023";"59.3254341002643"
"Skrattmås";"1";"VLT 889/17";"2017-02-14";"13.1169230566529";"55.54637526237"
"Havsörn";"0";"VLT 1180/17";"2017-03-17";"16.4013482583267";"58.4596356063437"
"Kattuggla";"0";"VLT 1274/17";"2017-03-30";"17.6784309163984";"59.848085583918"
"Havsörn";"0";"VLT 1850/17";"2017-06-30";"19.0689179848767";"68.3437106983923"
"Grönfink";"0";"VLT 2481/17";"2017-09-20";"22.7049808967358";"66.0617256858798"
"Gräsand";"0";"VLT 2588/17";"2017-09-28";"12.6526965607469";"58.2839833490905"
"Stadsduva";"0";"VLT 3005/17";"2017-11-24";"18.563091789962";"57.6437156849902"
"Kungsörn";"0";"VLT 85/18";"2018-01-22";"16.1179191857686";"60.0506283590144"
"Havsörn";"1";"VLT 925/18";"2018-05-09";"16.5266120041139";"57.0340134481139"
"Ormvråk";"0";"VLT 1564/18";"2018-08-29";"18.4081537956026";"60.2335054778755"
"Gräsand";"0";"VLT 2046/18";"2018-10-10";"12.9917013238896";"55.5909076610504"
"Lappuggla";"0";"VLT 2292/18";"2018-11-08";"16.6413757581148";"64.6324811868131"
"Lappuggla";"0";"VLT 2387/18";"2018-11-20";"14.601860986442";"61.049697216308"
"Skata";"0";"VLT 972/19";"2019-05-22";"13.3884264876799";"57.9542855526201"
"Tornfalk";"0";"VLT 967/19";"2019-05-22";"15.4050688254393";"60.4733154233124"
"Skata";"0";"VLT 1265/17";"2017-03-28";"16.6712609974595";"56.6234972048029"
"Fiskgjuse";"0";"VLT 1966/17";"2017-07-25";"14.0722157977187";"55.8134910980267"
"Slaguggla";"0";"VLT 237/17, Vikt inkl. ekorre";"2017-01-25";"18.6610497938522";"64.6474068338205"
"Sångsvan";"0";"VLT 325/17";"2017-02-07";"13.1105024221055";"55.7962080059771"
"Knölsvan";"0";"VLT 881/17";"2017-02-14";"18.7934412150357";"59.5910905043201"
"Sparvhök";"0";"VLT 1334/17";"2017-04-19";"18.0665458833613";"60.0074259682413"
"Trana";"0";"VLT 2120/17";"2017-08-22";"14.0214405950954";"64.7227573677623"
"Fjällvråk";"0";"VLT 2431/17";"2017-09-14";"16.4596452261478";"63.0703824387306"
"Havsörn";"0";"VLT 2736/17";"2017-10-17";"17.035442141173";"60.9596311715383"
"Havsörn";"0";"VLT 2805/17";"2017-10-25";"20.0336347121704";"65.0504966523382"
"Duvhök";"0";"VLT 200/18";"2018-02-08";"15.5672259259929";"58.1824753453266"
"Hornuggla";"0";"VLT 593/18";"2018-03-27";"17.0791995103824";"59.6366060297715"
"Gräsand";"0";"VLT 2083/18";"2018-10-17";"12.9905605342379";"55.5911060972876"
"Kaja";"0";"VLT 45/19";"2019-01-15";"11.9405813638157";"58.3523689443509"
"Stadsduva";"0";"VLT 373/19";"2019-02-21";"12.6795967691853";"58.3415759157537"
"Domherre";"0";"VLT 635/19";"2019-04-02";"15.8252085367127";"60.6341636884773"
"Kattuggla";"0";"VLT 749/19";"2019-04-23";"18.3336856502491";"60.0167350128208"
"Kanadagås";"0";"VLT 2609/18";"2018-12-17";"17.9653179001629";"59.3722811043981"
"Tretåig mås";"0";"VLT 38/17";"2017-01-10";"12.2556794234305";"57.0702212373488"
"Gräsand";"0";"VLT 101/17";"2017-01-13";"17.1222730124505";"60.6716769153422"
"Kaja";"0";"VLT 147/17";"2017-01-17";"17.6742965838831";"59.871738958494"
"Ormvråk";"1";"VLT 1047/17";"2017-03-07";"12.9682998153126";"55.5836194837971"
"Domherre";"0";"VLT 1100/17";"2017-03-10";"22.1649373240065";"65.58409006375"
"Havsörn";"0";"VLT 1249/17";"2017-03-24";"17.7659211264383";"59.5146029106763"
"Pilgrimsfalk";"0";"VLT 1547/17";"2017-05-12";"12.3121220867399";"57.0742449693418"
"Sparvhök";"0";"VLT 2079/17";"2017-08-15";"16.431301474285";"59.7089401842317"
"Duvhök";"0";"VLT 2088/17";"2017-08-16";"15.9273335095301";"59.1073252498823"
"Skata";"0";"VLT 2095/17";"2017-08-17";"17.6142471862125";"59.875396020694"
"Gröngöling";"0";"VLT 2173/17";"2017-08-28";"17.6433180753507";"59.7633056315781"
"Skrattmås";"0";"VLT 2590/17";"2017-09-28";"14.7597959109229";"58.4218117475181"
"Röd glada";"0";"VLT 2723/17";"2017-10-17";"14.3475101459314";"55.5518468390073"
"Gräsand";"0";"VLT 455/18";"2018-03-14";"12.9645854305519";"55.608442275313"
"Havsörn";"0";"VLT 632/18";"2018-03-28";"11.9599133558978";"58.5201094091126"
"Stadsduva";"0";"VLT 623/18, 1";"2018-03-28";"13.029882172707";"55.5829816964667"
"Lappuggla";"0";"VLT 791/18";"2018-04-18";"14.6602680502144";"61.1598809946381"
"Havsörn";"0";"VLT 842/18";"2018-04-24";"12.9293495824413";"55.5970976271388"
"Ormvråk";"0";"VLT 900/18";"2018-05-03";"13.1401385491622";"56.1563432312851"
"Brun kärrhök";"0";"VLT 1388/18";"2018-07-19";"14.2623484627676";"56.0037444330944"
"Slaguggla";"0";"VLT 1611/18";"2018-08-30";"16.9957666536069";"60.4012498681355"
"Slaguggla";"0";"VLT 1613/18";"2018-08-30";"16.2951415331194";"60.5360731281582"
"Stadsduva";"0";"VLT 2374/18";"2018-11-20";"13.4140693640683";"57.7911189757141"
"Havsörn";"0";"VLT 2552/18";"2018-12-07";"16.2200061202314";"66.3099996072635"
"Havsörn";"0";"VLT 2627/18";"2018-12-19";"16.6337914245162";"58.7276866786644"
"Gråsiska";"0";"VLT 71/19";"2019-01-22";"17.6323013340352";"59.7880862904448"
"Kattuggla";"0";"VLT 259/19";"2019-02-05";"15.4298202975018";"56.3363607276333"
"Havsörn";"0";"VLT 430/19";"2019-03-06";"19.5024466700294";"63.5711267376198"
"Havsörn";"0";"VLT 505/19";"2019-03-12";"15.9757532540311";"57.2253514138762"
"Kaja";"0";"VLT 593/19";"2019-03-21";"17.6345960902611";"59.8625368763915"
"Havsörn";"0";"VLT 714/19";"2019-04-11";"17.6097102490223";"60.2856153479847"
"Ormvråk";"0";"VLT 762/19";"2019-04-24";"18.6965047846955";"63.2958544090333"
"Kungsörn";"0";"VLT 761/19";"2019-04-24";"17.8297465945794";"63.1672071771812"
"Havsörn";"0";"VLT 912";"2019-05-16";"17.2680374745767";"59.4403149686872"
"Havsörn";"0";"VLT 1853/17";"2017-06-30";"20.2005082743252";"67.8673799049082"
"Fjällvråk";"0";"VLT 517/18";"2018-03-16";"16.5166735485087";"60.5865065474169"
"Slaguggla";"0";"VLT 724/18";"2018-04-11";"16.5141745278501";"61.922819017965"
"Gråsiska";"0";"VLT 1159/17";"2017-03-16";"17.1490758828065";"61.2681362255533"
"Korp";"0";"VLT 1744/17";"2017-06-13";"17.0360475924705";"59.3619081940256"
"Stäpphök";"0";"VLT 1982/17";"2017-07-27";"22.1936844144543";"65.5630682964258"
"Stadsduva";"0";"VLT 3003/17";"2017-11-24";"18.563091789962";"57.6437156849902"
"Ormvråk";"0";"VLT1345/18";"2018-07-06";"18.3357335720366";"59.9026493110384"
"Knölsvan";"0";"VLT 1397/18";"2018-07-24";"14.0127834735484";"59.337416030204"
"Berguv";"0";"VLT 2033/18";"2018-10-05";"13.4016667074116";"57.8121987975193"
"Stadsduva";"0";"VLT 2115/18";"2018-10-19";"12.0669021856852";"57.8017336986722"
"Stadsduva";"0";"VLT 2212/18";"2018-10-31";"17.9010150664992";"59.4137368720867"
"Kungsörn";"0";"VLT 387/19";"2019-02-26";"22.0207104540787";"66.1775971557573"
"Havsörn";"0";"VLT 553/19";"2019-03-15";"17.5253603607005";"59.9938170817359"
"Gråspett";"0";"VLT 1254/18";"2018-06-14";"18.8443850816886";"63.208841891176"
"Rörhöna";"0";"VLT 2047/18";"2018-10-10";"12.9917013238896";"55.5909076610504"
"Domherre";"0";"VLT 1/17";"2017-01-02";"21.6819854185746";"65.4310919325259"
"Berguv";"0";"VLT 65/17";"2017-01-11";"14.9497425675434";"60.5048715261431"
"Kråka";"0";"VLT 177/17";"2017-01-19";"12.6346383138601";"56.1000472891228"
"Sparvhök";"0";"VLT 1002/17";"2017-03-02";"13.5441901155143";"59.871278944376"
"Havsörn";"0";"VLT 1142/17";"2017-03-15";"20.9801951973607";"64.1817634177041"
"Kanadagås";"0";"VLT 1710/17";"2017-06-02";"22.6929801925704";"65.7770832041986"
"Storskarv";"0";"VLT 2096/17";"2017-08-18";"17.3023541471575";"59.7379852182654"
"Tornfalk";"0";"VLT 2100/17";"2017-08-18";"16.7050929626554";"60.462749744463"
"Kattuggla";"0";"VLT 2134/17";"2017-08-23";"14.5345208735135";"59.3406414612989"
"Havsörn";"0";"VLT 3048/17";"2017-12-12";"17.6563518415852";"60.2588849110125"
"Sparvhök";"0";"VLT 282/18";"2018-02-22";"16.1834224928337";"58.5861500388131"
"Havsörn";"0";"VLT 332/18";"2018-03-02";"15.1520892330744";"58.705664052761"
"Ormvråk";"0";"VLT 592/18";"2018-03-27";"15.6175038707966";"58.3172307730153"
"Stadsduva";"0";"VLT 561/18";"2018-03-22";"12.9993978693219";"55.6097746466432"
"Slaguggla";"0";"VLT 590/18";"2018-03-27";"18.2896521738473";"60.2884689623864"
"Ormvråk";"0";"VLT 743/18";"2018-04-12";"13.4452101046155";"55.6546879347457"
"Kungsörn";"0";"VLT 1459/18";"2018-08-21";"14.1459951962182";"55.9203008491041"
"Lärkfalk";"0";"VLT 1474/18";"2018-08-23";"16.0334178002476";"61.8454510395815"
"Ormvråk";"0";"VLT 1468/18";"2018-08-23";"16.7281204459089";"59.6786374198935"
"Duvhök";"0";"VLT 1500/18";"2018-08-27";"17.563103935784";"60.0022710838284"
"Tornfalk";"0";"VLT 1927/18";"2018-09-27";"12.9881536738978";"55.5011560245675"
"Slaguggla";"0";"VLT 2385/18";"2018-11-20";"15.2432695045551";"60.828533888352"
"Havsörn";"0";"VLT 2416/18";"2018-11-21";"17.4459484979063";"60.5603848671355"
"Kungsörn";"0";"VLT 388/19";"2019-02-26";"17.4836191607437";"66.4125995214125"
"Kungsörn";"0";"VLT 640/19, Acc.nr20196164";"2019-04-02";"13.9883386485755";"56.140833792467"
"Duvhök";"1";"VLT 23/17";"2017-01-05";"16.8372488031657";"56.8315757224064"
"Gråsiska";"0";"VLT 944/17";"2017-02-23";"14.089404417548";"59.2971198243479"
"Havsörn";"0";"VLT 188/17";"2017-01-19";"17.4254315589173";"59.0488960185249"
"Havsörn";"0";"VLT 1415/17";"2017-04-25";"15.5356798912455";"60.4455344976915"
"Gräsand";"0";"VLT 1893/17";"2017-07-11";"16.638169247519";"59.0674960364171"
"Röd glada";"0";"VLT 391/18";"2018-03-08";"13.0097791682905";"55.4986957295846"
"Kattuggla";"0";"VLT 537/18";"2018-03-21";"17.837337144915";"59.9517036835571"
"Havsörn";"0";"VLT 510/18";"2018-03-16";"17.1857006406774";"60.7433942986203"
"Knubbsäl";"0";"VLT 2089/18";"2018-10-18";"12.8224601189091";"55.3893905394675"
"Stadsduva";"0";"VLT 2213/18";"2018-10-31";"17.9010150664992";"59.4137368720867"
"Kråka";"0";"VLT 2236/18";"2018-11-01";"16.4829568058773";"59.3735086200243"
"Pärluggla";"0";"VLT 2295/18";"2018-11-08";"18.2920814520777";"64.613928242919"
"Gräsand";"0";"VLT 238/17";"2017-01-25";"15.2295618912602";"57.4809204961626"
"Kungsörn";"0";"VLT1514/17";"2017-05-10";"18.7341672215764";"57.7358161190296"
"Grönfink";"0";"VLT 1610/17";"2017-05-18";"15.1779786881797";"56.5949487028797"
"Grönfink";"0";"VLT 1643/17";"2017-05-24";"13.3977949326865";"55.7350502004429"
"Kaja";"0";"VLT 1839/17";"2017-06-28";"16.4910006599105";"59.3659081904589"
"Gräsand";"0";"VLT 2019/17";"2017-08-03";"12.991335584746";"55.6017720949709"
"Svart stork";"0";"VLT 2083/17";"2017-08-15";"14.2806851649737";"56.0436751349417"
"Grönfink";"0";"VLT 2657/17";"2017-10-09";"17.8760376935594";"59.3164584380967"
"Havsörn";"0";"VLT 2974/17";"2017-11-21";"18.234908825626";"59.8928726471903"
"Gråsiska";"0";"VLT 220/18";"2018-02-14";"13.9620230085614";"58.1743123602247"
"Havsörn";"0";"VLT 235/18";"2018-02-15";"17.0220257462711";"60.9239409858593"
"Havsörn";"0";"VLT 854/18";"2018-04-25";"16.2742301133091";"60.1479481397253"
"Kungsörn";"0";"VLT 1595/18";"2018-08-30";"13.444995083352";"56.8233770965472"
"Knölsvan";"0";"VLT 2629/18";"2018-12-20";"18.1405732684991";"59.3108909127715"
"Kungsörn";"0";"VLT 2639/18";"2018-12-27";"16.2559838379884";"59.6793090979788"
"Duva (Släkte)";"0";"VLT 344/19";"2019-02-18";"16.3653759656336";"56.6641059376931"
"Havsörn";"0";"VLT 901/19";"2019-05-15";"17.7278247498379";"60.2046039289897"
"Ringduva";"0";"VLT 999/19";"2019-05-27";"17.5626418822698";"59.8531467156394"
"Knölsvan";"1";"VLT 290/17";"2017-02-01";"18.1320283464961";"59.3251605015992"
"Gräsand";"0";"VLT 854/17";"2017-02-08";"18.743821131933";"59.7678893124079"
"Skrattmås";"0";"VLT 969/17";"2017-02-28";"12.9913959080515";"55.6029236639281"
"Stenknäck";"0";"VLT 2028/17";"2017-08-04";"14.8711693666687";"59.1736777458433"
"Sothöna";"0";"VLT 2247/17";"2017-09-01";"12.9810787950181";"55.5998377464398"
"Havsörn";"0";"VLT 2892/17Acc nr. 20176346";"2017-11-14";"18.2192549345932";"57.0911996279486"
"Kaja";"0";"VLT 62/18";"2018-01-18";"12.9472412375404";"55.4103461200016"
"Kungsörn";"0";"VLT 270/18";"2018-02-21";"17.8350096410154";"62.6735048553627"
"Havsörn";"0";"VLT 380/18";"2018-03-07";"14.3899973419064";"56.2900009691941"
"Svärta";"0";"VLT 1166/18";"2018-05-30";"16.9721171995042";"60.7691070946326"
"Kaja";"0";"VLT 1007/17";"2017-03-02";"13.1872800586387";"55.6983761139483"
"Havsörn";"0";"acc.nr.20176189, VLT 2424/17";"2017-09-14";"16.5185973617514";"57.9012959579286"
"Fiskmås";"0";"VLT 1444/18";"2018-08-15";"13.7244325826967";"60.6707847004429"
"Råka";"0";"VLT 1730/18";"2018-09-07";"12.2599774778893";"57.0680604447337"
"Stadsduva";"0";"VLT 2331/18";"2018-11-13";"13.4157492177642";"57.7911506742247"
"Kanadagås";"0";"VLT 2605/18";"2018-12-17";"17.9653179001629";"59.3722811043981"
"Havsörn";"0";"VLT 787/19";"2019-04-26";"15.8051599531314";"59.1791960965754"
"Koltrast";"0";"VLT 1006/19";"2019-05-27";"17.6173503714263";"59.8355896564521"
"Ormvråk";"0";"VLT 40/17";"2017-01-10";"14.1991366421899";"55.6710026789624"
"Sångsvan";"0";"VLT 87/17";"2017-01-12";"13.1025440884481";"57.2457828461395"
"Kaja";"0";"VLT 953/17";"2017-02-27";"16.5488579286943";"59.598985767994"
"Gräsand";"1";"VLT 973/17";"2017-02-28";"18.370171843482";"59.3273189339219"
"Slaguggla";"0";"VLT 991/17";"2017-03-01";"21.1967570960557";"65.2046931204715"
"Domherre";"0";"VLT 1590/17";"2017-05-17";"15.015209507114";"56.5940201440091"
"Domherre";"0";"VLT 1627/17";"2017-05-19";"15.015209507114";"56.5940201440091"
"Gråtrut";"0";"VLT 1928/17";"2017-07-18";"16.4514096756816";"57.2562261442505"
"Slaguggla";"0";"VLT 2060/17";"2017-08-10";"14.9629736256204";"60.500683472887"
"Berguv";"0";"VLT 2886/17";"2017-11-13";"16.2258095167545";"59.7205108003243"
"Slaguggla";"0";"VLT 2994/17";"2017-11-23";"15.6834155359466";"61.5432984130652"
"Gråtrut";"0";"VLT 3029/17";"2017-12-01";"17.6299983177576";"59.2119941284971"
"Lappuggla";"0";"VLT 3092/17";"2017-12-21";"16.9951717347116";"65.2037039677284"
"Knölsvan";"0";"VLT 41/18";"2018-01-16";"18.256266953253";"59.2099797431436"
"Lappuggla";"0";"VLT 138/18";"2018-01-30";"17.3403063960074";"62.12876929284"
"Havsörn";"0";"VLT 499/18";"2018-03-16";"17.1434189475638";"61.0484483989784"
"Havsörn";"0";"VLT 498/18";"2018-03-16";"17.0154295087564";"60.7580249386014"
"Duvhök";"1";"VLT 805/18";"2018-04-19";"14.7726605574066";"56.2011690774271"
"Havsörn";"1";"VLT 825/18";"2018-04-24";"14.2735476038113";"56.1394466226092"
"Berguv";"0";"VLT 838/18";"2018-04-24";"16.0280880355417";"57.1736373043994"
"Skrattmås";"0";"VLT 1117/18";"2018-05-24";"17.1201798710771";"61.7245138691331"
"Grönfink";"0";"VLT 1330/18";"2018-07-04";"16.8554667641821";"61.185616275008"
"Grönfink";"0";"VLT 1332/18";"2018-07-04";"16.8554667641821";"61.185616275008"
"Havsörn";"0";"VLT 1934/18";"2018-09-27";"18.2215881541698";"57.4565915000796"
"Havsörn";"1";"VLT 1939/18";"2018-09-27";"16.5431009273458";"59.5859484222281"
"Stadsduva";"0";"VLT 2116/18";"2018-10-19";"11.9368957677482";"57.6968972801729"
"Lappuggla";"0";"VLT 2445/18";"2018-11-23";"20.8383150577734";"64.5211096439524"
"Havsörn";"0";"VLT 2554/18";"2018-12-07";"16.5500019616022";"59.5000032226296"
"Duvhök";"0";"VLT 517/19";"2019-03-13";"18.1532763602573";"59.3448321205707"
"Råka";"0";"VLT 522/19";"2019-03-13";"13.0044489627385";"55.72824082225"
"Råka";"0";"VLT 807/19";"2019-04-30";"12.6985659532728";"56.0531576482361"
"Lappuggla";"0";"VLT 924/19";"2019-05-16";"14.579195585888";"63.1941307296636"
"Järpe";"0";"VLT 979/19";"2019-05-23";"20.3811819611124";"63.7069099716162"
"Gräsand";"0";"VLT 258/17";"2017-01-27";"17.0184679960662";"59.3620727669989"
"Storskarv";"0";"VLT 837/17";"2017-02-08";"13.1105024221055";"55.7962080059771"
"Duvhök";"0";"VLT 987/17";"2017-03-01";"17.9371100544274";"62.6323449683918"
"Domherre";"0";"VLT 1245/17";"2017-03-24";"15.6676298682583";"62.8406286949555"
"Knölsvan";"0";"VLT 1443/17";"2017-04-27";"16.4910006599105";"59.3659081904589"
"Bofink";"0";"VLT 1609/17";"2017-05-18";"17.004241646226";"59.3660734882746"
"Berguv";"0";"VLT 1515/17";"2017-05-10";"18.8754153634664";"57.4243465974262"
"Kattuggla";"0";"VLT 2664/17";"2017-10-10";"14.5822052801131";"57.1621168724266"
"Bivråk";"0";"VLT 2738/17";"2017-10-18";"14.9450890161497";"60.7424176625488"
"Morkulla";"0";"VLT 2961/17";"2017-11-17";"17.6620998285074";"59.8752512416837"
"Hornuggla";"0";"VLT 550/18";"2018-03-22";"14.0320251310904";"57.1847415568366"
"Lärkfalk";"0";"VLT 1535/18";"2018-08-28";"14.2901819786966";"59.481550200159"
"Koltrast";"0";"VLT 2250/18";"2018-11-02";"16.4829568058773";"59.3735086200243"
"Havsörn";"0";"VLT 335/19";"2019-02-14";"16.4252826208805";"60.5779857755239"
"Gråspett";"0";"VLT 785/19";"2019-04-26";"14.6286404113917";"59.6328910004121"
"Stadsduva";"0";"VLT 2405/18";"2018-11-21";"14.053483933333";"55.9567922682667"
"Havsörn";"0";"VLT 168/19";"2019-01-29";"17.235900998377";"58.8481144602278"
"Knölsvan";"0";"VLT 506/19";"2019-03-12";"17.6005490672889";"59.231744147959"
"Havsörn";"0";"VLT 927/17";"2017-02-17";"17.7023884946415";"59.955481054335"
"Gräsand";"0";"VLT 1444/17";"2017-04-27";"16.4910006599105";"59.3659081904589"
"Domherre";"0";"VLT 1458/17";"2017-04-28";"14.9718097484651";"56.8757546225252"
"Bofink";"0";"VLT 2503/17";"2017-09-22";"17.6922809049166";"63.1474892963774"
"Tornfalk";"0";"VLT 2798/17";"2017-10-25";"20.788137461173";"64.8743719519579"
"Kaja";"0";"VLT 1233/18";"2018-06-13";"13.000912656799";"55.6094588826421"
"Stadsduva";"0";"VLT 1426/18";"2018-08-02";"12.0879585224664";"57.3403912728571"
"Knölsvan";"0";"VLT 2273/18";"2018-11-07";"12.9934040221776";"55.5895090297788"
"Stadsduva";"0";"VLT 2287/18";"2018-11-08";"17.3145941691593";"59.7333565052433"
"Kaja";"0";"VLT 38/19";"2019-01-11";"11.9412940736742";"58.3503863676813"
"Gråsiska";"0";"VLT 223/19";"2019-02-01";"17.3977503042044";"59.6044152004955"
"Slaguggla";"0";"VLT 968/19";"2019-05-22";"13.6823539086964";"60.6792543478132"
"Kaja";"0";"VLT 1005/17";"2017-03-02";"13.1872800586387";"55.6983761139483"
"Grönfink";"0";"VLT 1922/17";"2017-07-18";"16.1723767893099";"59.6625142225948"
"Kråka";"0";"VLT 1998/17";"2017-08-01";"18.476704286739";"59.3261485300807"
"Ormvråk";"0";"VLT 2795/17";"2017-10-25";"17.867724627213";"58.8639455824055"
"Lappuggla";"0";"VLT 2809/17";"2017-10-25";"21.33832081515";"65.0186122464045"
"Kungsörn";"0";"VLT 1684/18";"2018-09-05";"18.5317839279803";"57.5528008252078"
"Slaguggla";"0";"VLT 1996/18";"2018-10-03";"17.3619563050826";"62.2768499027305"
"Vigg";"0";"VLT 2085/18";"2018-10-17";"12.9905605342379";"55.5911060972876"
"Koltrast";"0";"VLT 689/19";"2019-04-09";"12.0906230419559";"57.4728964110084"
"Havsörn";"0";"VLT 697/18";"2018-04-05";"15.8051902620669";"58.2275897825411"
"Gräsand";"0";"VLT 1236/18";"2018-06-13";"12.982368398155";"55.5818957789577"
"Tornfalk";"0";"VLT1300/18";"2018-06-26";"17.7021502754024";"59.9582048506246"
"Ormvråk";"0";"VLT 1612/18";"2018-08-30";"17.2382456075827";"60.6505600351671"
"Hornuggla";"0";"VLT 603/19";"2019-03-22";"13.9911113348473";"55.376395035844"
"Rödspov";"0";"VLT 62/17";"2017-01-11";"14.1302300088653";"56.0386418706124"
"Berguv";"0";"VLT 100/17";"2017-01-13";"19.0950746885216";"57.9066891258436"
"Havsörn";"0";"VLT 642/19";"2019-04-02";"16.7083266427848";"58.3677376737623"
"Havsörn";"0";"VLT 905/19";"2019-05-15";"17.3156203765862";"62.0949374315617"
"Sångsvan";"0";"VLT 926/19";"2019-05-16";"16.2153605805108";"60.1360439503525"
"Berguv";"0";"VLT 1828/18";"2018-09-18";"17.2510779191609";"59.7448432905197"
"Stadsduva";"0";"VLT 2290/18";"2018-11-08";"14.1688480569708";"56.0841992025927"
"Havsörn";"0";"VLT 453/19";"2019-03-07";"17.5093408314103";"58.9794828191972"
"Havsörn";"0";"VLT 915/19";"2019-05-16";"18.2794774487392";"60.2512322855959"
"Ormvråk";"1";"VLT 46/17";"2017-01-10";"13.0701944474293";"55.633300265735"
"Kaja";"0";"VLT 146/17";"2017-01-17";"17.6742965838831";"59.871738958494"
"Ringduva";"0";"VLT 157/17";"2017-01-18";"12.8138764031804";"56.0314245479882"
"Skata";"0";"VLT 206/17";"2017-01-20";"18.7164264034185";"59.8932981544999"
"Sädgås";"0";"VLT 1055/17";"2017-03-08";"13.4081182965825";"60.8786191664329"
"Duvhök";"1";"VLT 1105/17";"2017-03-10";"13.2063875120327";"55.6226511017226"
"Ejder";"0";"VLT 1525/17";"2017-05-11";"18.9602232849762";"63.1960359081169"
"Berguv";"0";"VLT 1705/17";"2017-06-01";"16.9251685318925";"58.7416652146847"
"Havsörn";"0";"VLT 1861/17";"2017-06-30";"20.2005082743252";"67.8673799049082"
"Kungsfiskare";"0";"VLT 2099/17";"2017-08-18";"17.3225853608682";"60.6516060761012"
"Berguv";"0";"VLT 2218/17";"2017-08-31";"15.7706742339487";"58.7034057274157"
"Hornuggla";"0";"VLT 2533/17";"2017-09-22";"17.316646672519";"62.3847990190521"
"Ormvråk";"0";"VLT 2727/17";"2017-10-17";"13.9484641768736";"55.5455477384334"
"Slaguggla";"0";"VLT 2841/17";"2017-11-02";"21.1286282461677";"64.6082968114294"
"Spillkråka";"0";"VLT 172/18";"2018-02-05";"14.3818653579321";"63.8115391968545"
"Häger";"0";"VLT 535/18";"2018-03-21";"11.6070484145652";"58.7404208274913"
"Kattuggla";"0";"VLT 755/18";"2018-04-13";"12.7924879917586";"57.7096142172039"
"Havsörn";"0";"VLT 834/18";"2018-04-24";"16.3873046875869";"58.9116889640817"
"Havsörn";"0";"VLT 835/18";"2018-04-24";"17.2986106980668";"59.1539197368391"
"Sångsvan";"0";"VLT 879/18";"2018-04-27";"13.3063859963065";"59.5736404427915"
"Råka";"0";"VLT 1212/18";"2018-06-05";"12.5712328573356";"56.1484021817505"
"Havsörn";"1";"VLT 1289/18";"2018-06-21";"14.7317496977624";"56.1603132107193"
"Havsörn";"0";"VLT 1979/18";"2018-10-02";"16.2026825534957";"58.8476514803879"
"Stadsduva";"0";"VLT 2016/18";"2018-10-04";"17.0767978853016";"59.635920124117"
"Stadsduva";"0";"VLT 2216/18";"2018-10-31";"17.9010150664992";"59.4137368720867"
"Stadsduva";"0";"VLT 2291/18";"2018-11-08";"14.1688480569708";"56.0841992025927"
"Järpe";"0";"VLT 2595/18";"2018-12-14";"22.2863606162655";"66.0503981196442"
"Kattuggla";"0";"VLT 12/19";"2019-01-07";"16.5423260001028";"59.6071912588845"
"Gulsparv";"0";"VLT 32/19";"2019-01-10";"12.8333182303878";"57.5704554281269"
"Sparvhök";"0";"VLT 457/19";"2019-03-07";"15.1143105786397";"56.7872257425465"
"Sparvhök";"0";"VLT 566/19";"2019-03-19";"17.0717268446056";"59.645323387797"
"Duvhök";"0";"VLT 610/19";"2019-03-22";"21.5040502068633";"65.2856302155518"
"Havsörn";"0";"VLT 900/19";"2019-05-15";"17.4346129495595";"60.513718689039"
"Skata";"0";"VLT 20/17";"2017-01-05";"14.9898202558915";"57.7635322945566"
"Havsörn";"0";"VLT 1741/17, Acc nr.20176158";"2017-06-13";"15.4077229925734";"59.2723925302105"
"Havsörn";"0";"VLT 78/18";"2018-01-19";"17.9238439041881";"58.9454022735146"
"Havsörn";"1";"VLT 215/18";"2018-02-13";"14.9999816302825";"56.1621384163732"
"Havsörn";"0";"VLT 511/18";"2018-03-16";"16.4580297388353";"61.2958025793499"
"Knölsvan";"1";"VLT 304/17";"2017-02-01";"18.0326937556139";"59.3280452946402"
"Stadsduva";"0";"VLT 1403/17";"2017-04-21";"12.8526385568224";"55.4080966113067"
"Havsörn";"0";"VLT 1296/18";"2018-06-26";"16.8624055195876";"58.2950538688208"
"Pilgrimsfalk";"0";"VLT 1851/18";"2018-09-19";"11.9631724735518";"57.7023723632372"
"Bivråk";"0";"VLT 1993/18";"2018-10-03";"17.0194473631475";"62.3649209140621"
"Kattuggla";"0";"VLT 1411/18";"2018-07-26";"17.1982939564255";"60.1504916824253"
"Råka";"0";"VLT 1688/18";"2018-09-05";"14.3040036582261";"55.5665923933082"
"Havsörn";"0";"VLT 2551/18";"2018-12-07";"16.4500024380307";"59.4000041439446"
"Lappuggla";"0";"VLT 767/19";"2019-04-25";"12.770596169594";"59.6647065505939"
"Knipa";"0";"VLT 2569/17";"2017-09-27";"17.2265620210022";"66.1490618056564"
"Tornfalk";"0";"VLT 2718/17";"2017-10-17";"14.1773711613268";"55.4508865180306"
"Kattuggla";"0";"VLT 580/18";"2018-03-23";"14.4383517064388";"58.589418379892"
"Skata";"0";"VLT 1276/18";"2018-06-19";"14.8295641149568";"63.0718689214772"
"Havsörn";"0";"VLT 139/17";"2017-01-16";"18.2214452881225";"57.0741346567417"
"Ormvråk";"0";"VLT 850/17";"2017-02-08";"13.5175097760553";"55.9254776717077"
"Häger";"0";"VLT 988/17";"2017-03-01";"18.1258711127853";"59.4510172647424"
"Havsörn";"0";"VLT 1879/17";"2017-07-06";"20.0615908563938";"67.4665137008796"
"Stadsduva";"0";"VLT 145/18";"2018-01-31";"15.206047234734";"59.274931520682"
"Röd glada";"0";"VLT 785/18";"2018-04-17";"17.049607213487";"58.7692377983006"
"Sparvhök";"0";"VLT 2069/18";"2018-10-15";"14.7650127868538";"65.7446676632043"
"Kungsörn";"0";"VLT 2293/18";"2018-11-08";"18.6387207149844";"64.2978710902256"
"Kaja";"0";"VLT 39/19";"2019-01-11";"11.9412940736742";"58.3503863676813"
"Havsörn";"0";"VLT 170/19";"2019-01-29";"17.084428760528";"58.776080109871"
"Havsörn";"0";"VLT 519/19";"2019-03-13";"16.5515851466481";"57.3528775429633"
"Gröngöling";"0";"VLT 1427/18";"2018-08-02";"16.4821544822257";"59.5990864682317"
"Havsörn";"1";"VLT 216/17";"2017-01-23";"12.7437054790793";"56.1466451984632"
"Gås";"1";"VLT 901/17";"2017-02-14";"13.2252687424976";"55.5063858654598"
"Kaja";"0";"VLT 1006/17";"2017-03-02";"13.1872800586387";"55.6983761139483"
"Kaja";"0";"VLT 1009/17";"2017-03-02";"13.1872800586387";"55.6983761139483"
"Ormvråk";"0";"VLT 1190/17";"2017-03-20";"17.7870715434641";"59.7243872988522"
"Havsörn";"0";"VLT 1326/17";"2017-04-18";"18.0415793361345";"59.9411903823003"
"Hökuggla";"0";"VLT 1604/17";"2017-05-17";"22.4283783943701";"65.9259800515406"
"Lappuggla";"0";"VLT 1606/17";"2017-05-17";"22.1318293141045";"65.6335436069464"
"Kaja";"0";"VLT 1924/17";"2017-07-18";"11.9233398066711";"58.225279052527"
"Hornuggla";"0";"VLT 1950/17";"2017-07-20";"17.4984469777295";"60.3714826401415"
"Knölsvan";"0";"VLT 2018/17";"2017-08-03";"12.9824528354764";"55.6050093121262"
"Lappuggla";"0";"VLT 2273/17";"2017-09-05";"15.5612723467762";"61.0329483963334"
"Koltrast";"0";"VLT 2906/17";"2017-11-14";"18.1689841738237";"59.2039083204867"
"Gulsparv";"0";"VLT 148/18";"2018-02-01";"18.327521357696";"59.8450287196324"
"Kattuggla";"0";"VLT 257/18";"2018-02-20";"17.0251565558426";"58.7363861945435"
"Kungsörn";"0";"VLT 447/18";"2018-03-14";"20.2483363722447";"63.833165595192"
"Stadsduva";"0";"VLT 761/18";"2018-04-13";"11.9995726699465";"57.6874761012111"
"Havsörn";"0";"VLT 998/18";"2018-05-18";"16.7391317674864";"61.338137356687"
"Stenfalk";"0";"VLT 1037/18";"2018-05-23";"20.2954347113578";"67.8240182511766"
"Lärkfalk";"0";"VLT 1537/18";"2018-08-28";"16.5040439350382";"59.5658753207706"
"Ormvråk";"0";"VLT 1690/18";"2018-09-05";"14.116210220024";"55.5504020421932"
"Stadsduva";"0";"VLT 1877/18";"2018-09-20";"12.2507358706071";"57.1049587091521"
"Berguv";"0";"VLT 1967/18";"2018-10-01";"17.6310672909563";"59.8655755168827"
"Gräsand";"0";"VLT 2045/18";"2018-10-10";"12.9917013238896";"55.5909076610504"
"Hornuggla";"0";"VLT 2348/18";"2018-11-15";"15.2215690747938";"59.5549030590821"
"Lappuggla";"0";"VLT 2380/18";"2018-11-20";"15.0028420860151";"60.9080768181803"
"Stadsduva";"0";"VLT 2537/18";"2018-12-06";"13.4319228684044";"58.3868416723467"
"Stadsduva";"0";"VLT 2578/18";"2018-12-12";"16.3198510637292";"58.4817502215833"
"Slaguggla";"0";"VLT 11/19";"2019-01-07";"16.0372018252369";"59.8701667767472"
"Kaja";"0";"VLT 304/19";"2019-02-11";"17.6249401231284";"59.8488353972336"
"Kattuggla";"0";"VLT 397/19";"2019-02-27";"15.0877817983339";"60.1468800755882"
"Knölsvan";"0";"VLT 567/19";"2019-03-19";"12.7640551306924";"56.3225330748131"
"Stadsduva";"0";"VLT 627/19";"2019-03-28";"14.8087992773831";"56.8794718382031"
"Duvhök";"0";"VLT 651/19, Acc.nr20196198";"2019-04-02";"18.2112089351808";"59.3115185672774"
"Skata";"0";"VLT 971/19";"2019-05-22";"13.3884264876799";"57.9542855526201"
"Gräsand";"0";"VLT 263/17";"2017-01-27";"17.0184679960662";"59.3620727669989"
"Sparvhök";"0";"VLT 1079/17";"2017-03-09";"13.5958344179419";"55.3921491741204"
"Lappuggla";"0";"VLT 2531/17";"2017-09-22";"15.6492765486192";"62.6236304081847"
"Havsörn";"0";"VLT 836/18";"2018-04-24";"16.4363278632078";"57.8530025580409"
"Havsörn";"0";"VLT 15/17";"2017-01-04";"17.7057690817579";"60.2286949759617"
"Havsörn";"1";"VLT 104/16, 2";"2017-01-13";"16.7759007952336";"58.0622920359547"
"Pilgrimsfalk";"1";"VLT 1266/17";"2017-03-28";"17.633622590797";"59.8581331767168"
"Kaja";"0";"VLT 1927/17";"2017-07-18";"11.9233398066711";"58.225279052527"
"Ormvråk";"0";"VLT 2105/17";"2017-08-18";"17.0345324645401";"60.9374701728853"
"Talgoxe";"0";"VLT 288/18";"2018-02-26";"14.931987133488";"62.174071399156"
"Gräsand";"0";"VLT 546/18";"2018-03-22";"15.3451504362676";"56.1293572739849"
"Slaguggla";"0";"VLT 589/18";"2018-03-27";"16.5497790920097";"59.6222566680887"
"Stadsduva";"0";"VLT 629/18";"2018-03-28";"11.9641224079058";"57.6934137192167"
"Havsörn";"0";"VLT 512/18";"2018-03-16";"16.6103440567785";"60.6847033969253"
"Havsörn";"1";"VLT 837/18, Acc nr.20186227";"2018-04-24";"16.0099675382873";"56.4125359304836"
"Sparvhök";"0";"VLT 1776/18";"2018-09-12";"17.0988207528434";"61.7294285303018"
"Sångsvan";"0";"VLT 2152/18";"2018-10-22";"17.3877859345902";"59.9575622429802"
"Stadsduva";"0";"VLT 2195/18";"2018-10-26";"12.2954160639217";"58.2551816708815"
"Stadsduva";"0";"VLT 2536/18";"2018-12-06";"13.4319228684044";"58.3868416723467"
"Havsörn";"0";"VLT 650/19, Acc.nr20196175,";"2019-04-02";"17.9242797927645";"59.0003971098001"
"Ormvråk";"0";"VLT 41/17";"2017-01-10";"14.2092381986819";"55.617721086115"
"Ormvråk";"0";"VLT 1078/17";"2017-03-09";"13.5449014457649";"55.7341366101829"
"Kattuggla";"0";"VLT 1288/17";"2017-04-04";"16.8626612879213";"59.9639057353834"
"Björktrast ";"0";"VLT 1314/17";"2017-04-10";"17.6427706995773";"59.8485878729215"
"Knölsvan";"0";"VLT 1362/17";"2017-04-21";"18.0540399217756";"59.3303727418162"
"Ejder";"0";"VLT 1524/17";"2017-05-11";"18.9602232849762";"63.1960359081169"
"Havsörn";"0";"VLT 1173/17, Acc nr.20176075";"2017-03-16";"18.2248373190057";"57.0732876852465"
"Tornfalk";"0";"VLT 1383/17";"2017-04-21";"17.3156297542678";"62.3868741124841"
"Brun kärrhök";"0";"VLT 2102/17";"2017-08-18";"17.0517335800201";"60.881924408319"
"Brun kärrhök";"0";"VLT 2448/17";"2017-09-18";"13.6886778045207";"60.0239408398636"
"Kungsörn";"0";"VLT 2694/17";"2017-10-12";"15.3797504617634";"62.7784402377958"
"Duva (Släkte)";"0";"VLT 2779/17";"2017-10-20";"18.4733194332998";"57.2807769048816"
"Havsörn";"0";"VLT 2900/17, Acc nr. 20176393";"2017-11-14";"18.7714067883985";"57.7680191247081"
"Havsörn";"0";"VLT 725/18";"2018-04-11";"17.0786209858248";"59.0894742501594"
"Sångsvan";"0";"VLT 881/18";"2018-04-27";"13.3063859963065";"59.5736404427915"
"Ormvråk";"0";"VLT 1466/18";"2018-08-23";"15.3122162013218";"58.5537301967581"
"Fiskgjuse";"0";"VLT 1901/18";"2018-09-24";"17.2213456521985";"62.3057963386464"
"Ringduva";"0";"VLT 2119/18";"2018-10-19";"12.0295177818331";"57.751329765059"
"Stormfågel";"0";"VLT 2553/18";"2018-12-07";"11.9374620439452";"57.6532166293133"
"Havsörn";"0";"VLT 852/19";"2019-05-08";"16.960884439158";"60.7629213223279"
"Kaja";"0";"VLT 301/19";"2019-02-11";"17.6249401231284";"59.8488353972336"
"Kattuggla";"0";"VLT 17/17";"2017-01-04";"18.3719519124626";"60.2600995837576"
"Havsörn";"0";"VLT 227/17";"2017-01-24";"16.1364136272995";"56.5921278840233"
"Skata";"0";"VLT 849/17";"2017-02-08";"15.0812290138677";"57.2076227832268"
"Knölsvan";"0";"VLT 1003/17";"2017-03-02";"15.9922119554318";"58.1915419569342"
"Duvhök";"0";"VLT 1046/17";"2017-03-07";"13.1409476407238";"55.5265034436046"
"Gråtrut";"0";"VLT 1250/17";"2017-03-24";"12.6692862930271";"56.195413917747"
"Grönsiska";"0";"VLT 1368/17";"2017-04-21";"12.680824299936";"62.4368057900536"
"Ormvråk";"0";"VLT 1402/17";"2017-04-21";"13.2164206330186";"55.6409775579887"
"Skrattmås";"0";"VLT 1752/17";"2017-06-14";"14.0303458979266";"59.3376565100492"
"Sparvhök";"0";"VLT 2486/17";"2017-09-20";"15.5444992574421";"60.5505056235733"
"Havsörn";"0";"VLT 2973/17";"2017-11-21";"18.7868812164959";"60.1482930040399"
"Berguv";"0";"VLT 209/18";"2018-02-12";"17.7795372544341";"59.6266331885826"
"Kungsörn";"0";"VLT 418/18";"2018-03-09";"15.3895512436866";"59.3773715789722"
"Lärkfalk";"0";"VLT 436/18";"2018-03-13";"14.1023958538058";"59.3027044576043"
"Ormvråk";"0";"VLT 621/18, 2";"2018-03-28";"13.0948275999419";"55.7911009352271"
"Havsörn";"0";"VLT 679/18";"2018-04-04";"15.3933013055041";"59.364098137552"
"Ejder";"0";"VLT 731/18";"2018-04-11";"11.6486950970883";"58.1061861673259"
"Havsörn";"0";"VLT 1615/18";"2018-08-30";"17.3353780309299";"60.6514605627762"
"Tornfalk";"0";"VLT 1929/18";"2018-09-27";"13.2174815010372";"55.5044243571365"
"Havsörn";"0";"VLT 1941/18";"2018-09-27";"14.2004556357885";"55.7807472042108"
"Berguv";"0";"VLT 1997/18";"2018-10-03";"17.7839167406053";"62.5895087766365"
"Tornfalk";"0";"VLT 2029/18";"2018-10-05";"13.0819306684627";"55.3810733215922"
"Ringduva";"0";"VLT 2118/18";"2018-10-19";"12.5305353841326";"57.9249962193677"
"Kattuggla";"0";"VLT 2458/18";"2018-11-26";"16.0914538844007";"59.8579072064511"
"Havsörn";"0";"VLT 2567/18";"2018-12-11";"13.7455769116695";"55.5262303933365"
"Kanadagås";"0";"VLT 2610/18";"2018-12-17";"17.9653179001629";"59.3722811043981"
"Kaja";"0";"VLT 78/19";"2019-01-22";"11.9412940736742";"58.3503863676813"
"Kaja";"0";"VLT 302/19";"2019-02-11";"17.6249401231284";"59.8488353972336"
"Kattuggla";"0";"VLT 735/19";"2019-04-16";"17.6787034313477";"59.5494785810677"
"Lappuggla";"0";"VLT 851/19";"2019-05-08";"17.0345553356534";"61.2994848526495"
"Knölsvan";"1";"VLT 285/17";"2017-02-01";"18.0807415564725";"59.327323149487"
"Knölsvan";"1";"VLT 287/17";"2017-02-01";"18.1320283464961";"59.3251605015992"
"Havsörn";"0";"VLT 1517/17";"2017-05-10";"18.3910654308631";"57.0026809098864"
"Kungsörn";"0";"VLT 136/17";"2017-01-16";"18.6697196806679";"57.2252448056802"
"Kaja";"0";"VLT 144/17";"2017-01-17";"17.6742965838831";"59.871738958494"
"Gräsand";"0";"VLT 261/17";"2017-01-27";"17.0184679960662";"59.3620727669989"
"Havsörn";"0";"VLT 873/17";"2017-02-13";"18.2873795900702";"59.8988632595953"
"Björktrast ";"0";"VLT 1312/17";"2017-04-10";"17.6427706995773";"59.8485878729215"
"Större hackspett";"0";"VLT 1457/17";"2017-04-28";"13.5501737962099";"59.3181413037712"
"Lappuggla";"0";"VLT 1944/17";"2017-07-19";"15.0706271501726";"62.3811748406283"
"Koltrast";"0";"VLT 1983/17";"2017-07-27";"13.608272539315";"58.5192591983826"
"Gråtrut";"0";"VLT 1991/17";"2017-07-28";"18.4935201384452";"57.171015997535"
"Berguv";"0";"VLT 2897/17, Acc nr. 20176372";"2017-11-14";"18.167950791915";"59.0882414193848"
"Ormvråk";"0";"VLT 381/18";"2018-03-07";"14.5176435868272";"56.0820721700955"
"Havsörn";"0";"VLT 680/18";"2018-04-04";"16.9971547787527";"58.7517762861668"
"Berguv";"0";"VLT 839/18";"2018-04-24";"17.8534761003981";"58.8510526071721"
"Knölsvan";"0";"VLT 889/18";"2018-04-30";"17.9573005495215";"59.7450547110273"
"Lappuggla";"0";"VLT 983/18";"2018-05-17";"22.192886222098";"65.7280627022476"
"Fiskgjuse";"0";"VLT 1915/18";"2018-09-25";"16.7182157728468";"58.65529335769"
"Knölsvan";"0";"VLT 2120/18";"2018-10-19";"11.7016936115152";"58.0933361900648"
"Vigg";"0";"VLT 2272/18";"2018-11-07";"12.9934040221776";"55.5895090297788"
"Kattuggla";"0";"VLT 2449/18";"2018-11-23";"18.2413957873257";"60.224998365403"
"Rödvingetrast";"0";"VLT 2476/18";"2018-11-27";"17.9533494590945";"59.2318312526038"
"Kanadagås";"0";"VLT 2608/18";"2018-12-17";"17.9653179001629";"59.3722811043981"
"Stadsduva";"0";"VLT 200/19";"2019-01-30";"18.0367602669007";"59.8694389377379"
"Slaguggla";"0";"VLT 691/19";"2019-04-09";"15.1277585278091";"60.8897109775357"
"Havsörn";"0";"VLT 837/19";"2019-05-08";"16.5866008724661";"61.2143552830691"
"Kungsörn";"0";"VLT 922/19";"2019-05-16";"14.2344976401091";"62.4245036449537"
"Häger";"0";"VLT 239/17";"2017-01-25";"15.4788064441296";"56.1742673599972"
"Havsörn";"0";"VLT 891/17";"2017-02-14";"16.6755506428278";"57.6916794244432"
"Kråka";"0";"VLT 1633/17";"2017-05-22";"17.7788602170702";"59.4335981281163"
"Havsörn";"0";"VLT 1877/17";"2017-07-06";"20.136893899088";"67.365681800682"
"Duva (Släkte)";"0";"VLT 671/18";"2018-04-04";"11.4914331501426";"58.1797798410906"
"Havsörn";"0";"VLT 187/17, Accnr.20167053";"2017-01-19";"19.406656842814";"63.5491161909356"
"Hornuggla";"0";"VLT 1104/17";"2017-03-10";"13.2063875120327";"55.6226511017226"
"Havsörn";"0";"VLT 1359/17";"2017-04-21";"17.2471462624283";"58.8531521563935"
"Stadsduva";"0";"VLT 2220/17";"2017-08-31";"18.2952848010067";"57.6441793958825"
"Slaguggla";"0";"VLT 2995/17";"2017-11-23";"16.4191466235251";"61.2152158522109"
"Berguv";"0";"VLT 595/18";"2018-03-27";"16.3342787216786";"58.4939195619074"
"Sparvhök";"0";"VLT 1565/18";"2018-08-29";"17.4255639643156";"60.4885501607345"
"Havsörn";"0";"VLT 1818/18";"2018-09-17";"18.45406273247";"60.1086697749258"
"Tornfalk";"0";"VLT 1931/18";"2018-09-27";"12.9691507223717";"55.5672129657783"
"Ormvråk";"0";"VLT 1990/18";"2018-10-03";"15.5120014525928";"56.2819703000084"
"Duvhök";"0";"VLT 215/19";"2019-01-31";"18.1991629612752";"57.3643374221468"
"Kaja";"0";"VLT 309/19";"2019-02-11";"17.6249401231284";"59.8488353972336"
"Slaguggla";"0";"VLT 923/19";"2019-05-16";"15.0207630742643";"62.2259384560384"
"Knölsvan";"0";"VLT 2504/18";"2018-11-30";"13.1790045936378";"55.5805193078196"
"Skata";"0";"VLT 19/17";"2017-01-05";"14.9898202558915";"57.7635322945566"
"Stenknäck";"0";"VLT 861/17";"2017-02-08";"17.7026165031247";"59.7154614769875"
"Skrattmås";"0";"VLT 888/17";"2017-02-14";"13.0632376488435";"55.6201157293761"
"Sparvhök";"0";"VLT 1143/17";"2017-03-15";"14.8565810632361";"56.9104946010473"
"Lappuggla";"0";"VLT 1601/17";"2017-05-17";"21.818302565893";"65.6912970782113"
"Tornfalk";"0";"VLT 1642/17";"2017-05-23";"15.4258398415523";"60.483536059702"
"Kaja";"0";"VLT 1838/17";"2017-06-28";"16.4910006599105";"59.3659081904589"
"Stenknäck";"0";"VLT 1984/17";"2017-07-27";"13.608272539315";"58.5192591983826"
"Slaguggla";"0";"VLT 2059/17";"2017-08-10";"15.423224475512";"60.4801449766716"
"Stenknäck";"0";"VLT 76/18";"2018-01-19";"16.4415970309924";"59.6062461123352"
"Kaja";"0";"VLT 298/18";"2018-02-28";"17.6532028602447";"59.8777644672143"
"Ejder";"0";"VLT 728/18";"2018-04-11";"11.6486950970883";"58.1061861673259"
"Havsörn";"1";"VLT 754/18";"2018-04-13";"14.725000603318";"56.0899993166241"
"Gräsand";"0";"VLT 892/18";"2018-05-02";"13.5649991520137";"55.6568271795873"
"Lövsångare";"0";"VLT 910/18";"2018-05-04";"15.176687447241";"56.2145732951732"
"Duvhök";"0";"VLT 982/18";"2018-05-17";"22.1309298102888";"65.60158755449"
"Grönfink";"0";"VLT 1454/18";"2018-08-17";"19.9915348965885";"63.8113070271991"
"Stadsduva";"0";"VLT 1878/18";"2018-09-20";"12.2507358706071";"57.1049587091521"
"Havsörn";"0";"VLT 1902/18";"2018-09-24";"17.3356454242146";"62.2879203239299"
"Knölsvan";"0";"VLT 2044/18";"2018-10-10";"12.9917013238896";"55.5909076610504"
"Stadsduva";"0";"VLT 885/17";"2017-02-14";"15.0381940106291";"59.5200778060493"
"Berguv";"0";"VLT 1599/18";"2018-08-30";"14.2553339749571";"59.7983960796456"
"Kanadagås";"0";"VLT 1731/18";"2018-09-07";"13.1631259740843";"58.505626271281"
"Tornfalk";"0";"VLT 1928/18";"2018-09-27";"13.3411524731371";"55.7037464146874"
"Knölsvan";"0";"VLT 2309/18";"2018-11-09";"12.9934040221776";"55.5895090297788"
"Gräsand";"0";"VLT 2611/18";"2018-12-17";"17.9653179001629";"59.3722811043981"
"Kungsörn";"0";"VLT 664/19";"2019-04-03";"18.7215139718662";"57.736377686103"
"Havsörn";"0";"VLT 752/19";"2019-04-23";"18.0609634218084";"60.4885700016503"
"Hornuggla";"0";"VLT 890/19";"2019-05-14";"17.3646489524856";"62.2667054966382"
"Havsörn";"0";"VLT 902/19";"2019-05-15";"17.7350594128557";"60.0745963251513"
"Lappuggla";"0";"VLT 1/19";"2019-01-02";"12.9397485075682";"61.7464268930293"
"Knölsvan";"0";"VLT 299/17";"2017-02-01";"18.0326937556139";"59.3280452946402"
"Knölsvan";"1";"VLT 312/17";"2017-02-06";"18.089146646676";"59.3297623779363"
"Knölsvan";"1";"VLT 924/17";"2017-02-17";"18.0715934693302";"59.3300687411804"
"Gräsand";"1";"VLT 976/17";"2017-02-28";"18.370171843482";"59.3273189339219"
"Havsörn";"1";"VLT 191/17, Accnr. 20176010";"2017-01-19";"17.0541478800821";"57.3006655868487"
"Berguv";"0";"VLT 2632/17";"2017-10-04";"16.5889407387334";"58.0407810182157"
"Koltrast";"0";"VLT 2907/17";"2017-11-14";"18.1689841738237";"59.2039083204867"
"Storskarv";"0";"VLT 547/18";"2018-03-22";"14.7290742470453";"56.1581433033798"
"Ormvråk";"0";"A, VLT 626/18";"2018-03-28";"13.0892710879561";"55.5786880838075"
"Havsörn";"0";"VLT 833/18";"2018-04-24";"16.4626744434619";"57.7078316166373"
"Havsörn";"0";"VLT 986/18";"2018-05-17";"21.9321818936278";"65.6741458522052"
"Havsörn";"0";"VLT 1617/18";"2018-08-30";"17.1371152241175";"61.0305596824022"
"Skata";"0";"VLT 2224/18";"2018-10-31";"12.0710460427995";"57.5875330097511"
"Lappuggla";"0";"VLT 2446/18";"2018-11-23";"20.9580211120532";"64.7345841251659"
"Havsörn";"0";"VLT 2440/18";"2018-11-23";"19.7802679258139";"64.4915098418443"
"Pilgrimsfalk";"0";"VLT 2469/18, Acc. 20186623";"2018-11-27";"13.1182489389395";"58.2825434061701"
"Berguv";"0";"VLT 2485/18";"2018-11-28";"14.7066532917736";"60.9638375981155"
"Gräsand";"0";"VLT 2613/18";"2018-12-17";"17.9653179001629";"59.3722811043981"
"Koltrast";"0";"VLT 273/19";"2019-02-06";"14.3332995248897";"56.048455352324"
"Berguv";"0";"VLT 434/19";"2019-03-06";"20.2903683870192";"63.7939743313665"
"Ormvråk";"0";"VLT 1045/17";"2017-03-07";"13.3748592152064";"55.7502404813331"
"Hökuggla";"0";"VLT 1361/17, Acc20176116";"2017-04-21";"18.0819988513651";"59.1349574037373"
"Gröngöling";"0";"VLT 1686/17";"2017-05-30";"17.5065534870482";"59.7685037797855"
"Fiskgjuse";"0";"VLT 2142/17";"2017-08-24";"16.8288233563254";"61.1718014110382"
"Duva (Släkte)";"0";"VLT 2778/17";"2017-10-20";"18.4733194332998";"57.2807769048816"
"Kattuggla";"0";"VLT 999/18";"2018-05-18";"15.900430648769";"61.3637402517331"
"Ormvråk";"0";"VLT 1231/18";"2018-06-13";"12.8067021844308";"55.3890047117933"
"Havsörn";"0";"VLT 966/17";"2017-02-28";"16.492170702581";"57.2526878154561"
"Knölsvan";"0";"VLT 192/17";"2017-01-19";"18.1388363738296";"59.3355275556241"
"Havsörn";"0";"VLT 1174/17";"2017-03-16";"16.4674295394742";"59.2896459234915"
"Domherre";"0";"VLT 1628/17, #2";"2017-05-19";"15.015209507114";"56.5940201440091"
"Större hackspett";"0";"VLT 1916/17";"2017-07-17";"16.9446540766642";"59.6271605110941"
"Stadsduva";"0";"VLT 2957/17";"2017-11-17";"18.7614359505272";"57.6910262887075"
"Stadsduva";"0";"VLT 359/18";"2018-03-06";"11.9761181560964";"57.7387150007472"
"Knölsvan";"0";"VLT 132/18";"2018-07-05";"14.9743692713118";"56.2189196411622"
"Havsörn";"0";"VLT 2190/18";"2018-10-25";"17.9429228646231";"60.6027394619545"
"Kråka";"0";"VLT 1634/17";"2017-05-22";"17.7788602170702";"59.4335981281163"
"Gräsand";"0";"VLT 1891/17";"2017-07-11";"16.638169247519";"59.0674960364171"
"Sparvhök";"0";"VLT 2006/17";"2017-08-02";"15.5562996801182";"58.2909279804199"
"Kattuggla";"0";"VLT 2057/17";"2017-08-10";"15.1331157653076";"56.6763209084283"
"Tjäder";"0";"VLT 5/17";"2017-01-03";"17.9271877410745";"60.2510449270858"
"Havsörn";"0";"VLT 68/17";"2017-01-11";"16.7129459052005";"56.670852634289"
"Storskarv";"0";"VLT 2418/17";"2017-09-14";"18.2206726848109";"57.6038225549225"
"Kattuggla";"0";"VLT 2899/17, Acc nr. 20176370";"2017-11-14";"18.1699287910006";"60.2352704387248"
"Havsörn";"0";"VLT 898/18";"2018-05-03";"18.4103074162193";"60.4405664275057"
"Ormvråk";"0";"VLT 1232/18";"2018-06-13";"12.8204303426249";"55.416300500218"
"Lärkfalk";"0";"VLT 1339/18";"2018-07-04";"14.6591023481019";"61.053785686447"
"Kattuggla";"0";"VLT 2091/18";"2018-10-18";"17.8486730423782";"60.1795528711624"
"Havsörn";"0";"VLT 252/18";"2018-02-20";"15.7992890981224";"60.003658166573"
"Storskarv";"0";"VLT 1852/18";"2018-09-19";"12.0167749578306";"57.6392817983683"
"Kaja";"0";"VLT 46/19";"2019-01-15";"11.9405813638157";"58.3523689443509"
"Kaja";"0";"VLT 1008/17";"2017-03-02";"13.1872800586387";"55.6983761139483"
"Stadsduva";"0";"VLT 1585/17";"2017-05-16";"17.6828978124098";"59.6600876341219"
"Stadsduva";"0";"VLT 1753/17";"2017-06-14";"12.6919702219614";"56.0421538470581"
"Havsörn";"0";"VLT 1742/17, Acc nr.20176139";"2017-06-13";"14.0531499845782";"58.752863119887"
"Havsörn";"0";"VLT 1878/17";"2017-07-06";"18.9358069715577";"68.3359320314293"
"Havsörn";"0";"VLT 1965/17";"2017-07-25";"14.932325616521";"56.3868307927659"
"Slaguggla";"0";"VLT 2985/17";"2017-11-22";"14.9699704570689";"61.7738003096371"
"Slaguggla";"0";"VLT 3037/17";"2017-12-04";"15.8361782160591";"59.7689025430307"
"Stadsduva";"0";"VLT 3085/17";"2017-12-20";"11.9631724735518";"57.7023723632372"
"Knölsvan";"0";"VLT 42/18";"2018-01-16";"18.256266953253";"59.2099797431436"
"Gråsiska";"0";"VLT 49/18";"2018-01-17";"15.9791849392615";"60.2819006652474"
"Duvhök";"0";"VLT 236/18";"2018-02-15";"17.1672894827213";"61.6538718537341"
"Kattuggla";"0";"VLT 435/18";"2018-03-13";"17.0679395122462";"61.9830256933844"
"Kattuggla";"0";"VLT 596/18";"2018-03-27";"15.231148831318";"58.4765960614886"
"Havsörn";"0";"VLT 678/18";"2018-04-04";"16.366904810578";"59.052497048936"
"Kattuggla";"0";"VLT 723/18";"2018-04-11";"17.0587418365024";"58.7646602607371"
"Råka";"0";"VLT 1211/18";"2018-06-05";"12.5712328573356";"56.1484021817505"
"Gräsand";"0";"VLT 1239/18";"2018-06-13";"12.982368398155";"55.5818957789577"
"Kattuggla";"0";"VLT 1351/18";"2018-07-10";"14.0483722525681";"59.3289223152043"
"Berguv";"0";"VLT 1732/18";"2018-09-07";"11.9343943182791";"57.660600388944"
"Havsörn";"0";"VLT 2344/18";"2018-11-15";"20.6482500915996";"67.1263666205322"
"Knölsvan";"0";"VLT 2463/18";"2018-11-26";"13.1815175985094";"55.5832687621498"
"Ormvråk";"0";"VLT 24/19";"2019-01-09";"13.4551988272553";"55.3672605244075"
"Stadsduva";"0";"VLT 364/19";"2019-02-20";"15.8374740207203";"57.505221505982"
"Slaguggla";"0";"VLT 836/19";"2019-05-08";"16.4566705217179";"61.2625776274401"
"Havsörn";"0";"VLT 921/19";"2019-05-16";"15.0759834389653";"58.9627588557134"
"Lappuggla";"0";"VLT 1441/17";"2017-04-27";"15.4760798080793";"62.41861623391"
"Slaguggla";"0";"VLT 504/18";"2018-03-16";"17.1801969831391";"60.7429032504696"
"Havsörn";"1";"VLT 827/18";"2018-04-24";"14.2735476038113";"56.1394466226092"
"Slaguggla";"0";"VLT 997/18";"2018-05-18";"16.8344615135808";"61.3966816840605"
"Stadsduva";"0";"VLT 1131/18";"2018-05-29";"13.3150922315286";"59.503759480519"
"Tornfalk";"0";"VLT 1473/18";"2018-08-23";"16.4438480403812";"61.4472444859546"
"Hornuggla";"0";"VLT 1614/18";"2018-08-30";"17.1654493199956";"60.6642623639357"
"Havsörn";"0";"VLT 1616/18";"2018-08-30";"17.1367394528835";"61.0215878744743"
"Stadsduva";"0";"VLT 2117/18";"2018-10-19";"12.3223624491538";"58.3813113108943"
"Stadsduva";"0";"VLT 2196/18";"2018-10-26";"12.2954160639217";"58.2551816708815"
"Fjällvråk";"0";"VLT 2225/18";"2018-10-31";"14.9160159024725";"58.6654284839466"
"Havsörn";"0";"VLT 432";"2019-03-06";"19.7159454894939";"63.5856035859682"
"Slaguggla";"0";"VLT 690/19";"2019-04-09";"14.6233758742537";"60.9691100172474"
"Tornfalk";"0";"VLT 2386/18";"2018-11-20";"14.6180155265083";"61.1126666073547"
"Stadsduva";"0";"VLT 115/19";"2019-01-24";"17.1902094252869";"59.8071629810543"
"Havsörn";"0";"VLT 431/19";"2019-03-06";"19.7881203388034";"63.6285015549612"
"Kaja";"0";"VLT 594/19";"2019-03-21";"17.6345960902611";"59.8625368763915"
"Havsörn";"0";"VLT 920/19";"2019-05-16";"16.736432639979";"59.3374577390859"
"Sångsvan";"0";"VLT 1289/17";"2017-04-04";"15.4521680698298";"60.4341019883236"
"Havsörn";"0";"VLT 1876/17";"2017-07-06";"12.3484652541609";"59.7979937433357"
"Lappuggla";"0";"VLT 3093/17";"2017-12-21";"17.0003055212022";"65.2005326779206"
"Berguv";"0";"VLT 2896/17, Acc nr. 20176380";"2017-11-14";"17.8196745340139";"59.0139995987855"
"Duvhök";"0";"VLT 423/18";"2018-03-09";"18.0258470555098";"59.303359929583"
"Sparvhök";"0";"VLT 815/18";"2018-04-23";"17.6503187049953";"59.8589059635964"
"Havsörn";"1";"VLT 828/18";"2018-04-24";"14.3392384123297";"56.1160639452159"
"Större hackspett";"0";"VLT 1310/18";"2018-06-28";"15.2305547819957";"59.3431760014399"
"Havsörn";"0";"VLT 1360/18";"2018-07-11";"17.1889034423292";"58.7947553182848"
"Stadsduva";"0";"VLT 2215/18";"2018-10-31";"17.9010150664992";"59.4137368720867"
"Kaja";"0";"VLT 303/19";"2019-02-11";"17.6249401231284";"59.8488353972336"
"Duva (Släkte)";"0";"VLT 346/19";"2019-02-18";"16.3653759656336";"56.6641059376931"
"Sparvhök";"0";"VLT 605/19";"2019-03-22";"16.1722488959031";"56.5088046930183"
"Havsörn";"0";"VLT 665/19";"2019-04-03";"17.430052599414";"62.0505618039408"
"Ormvråk";"0";"VLT 901/18";"2018-05-03";"13.1401385491622";"56.1563432312851"
"Grönfink";"0";"VLT 2418/18";"2018-11-22";"12.5511010185897";"58.3454043336275"
"Lappuggla";"0";"VLT 2443/18";"2018-11-23";"20.7968331527245";"64.7846268696936"
"Knölsvan";"1";"VLT 298/17";"2017-02-01";"18.0326937556139";"59.3280452946402"
"Sidensvans";"0";"VLT 914/17";"2017-02-16";"16.2702609208602";"59.9413593180489"
"Havsörn";"0";"VLT 189/17, Accnr.20176009";"2017-01-19";"19.3854589430957";"63.5406657195114"
"Kattuggla";"0";"VLT 1319/17";"2017-04-11";"15.8436586233652";"58.297280842548"
"Ormvråk";"0";"VLT 1549/17";"2017-05-12";"16.9006656760016";"60.610841781127"
"Havsörn";"0";"VLT 1550/17";"2017-05-12";"17.0943867247346";"60.8888379298573"
"Havsörn";"0";"VLT 1650/17";"2017-05-24";"17.4967401563754";"59.5332718194887"
"Tornfalk";"0";"VLT 1788/17";"2017-06-16";"17.9513797071117";"62.6627972538632"
"Kaja";"0";"VLT 1837/17";"2017-06-28";"16.4910006599105";"59.3659081904589"
"Kattuggla";"0";"VLT 1875/17";"2017-07-06";"13.0217937698093";"58.5565313898442"
"Kaja";"0";"VLT 1923/17";"2017-07-18";"11.9233398066711";"58.225279052527"
"Gräsand";"0";"VLT 2246/17";"2017-09-01";"12.9810787950181";"55.5998377464398"
"Lappuggla";"0";"VLT 2429/17";"2017-09-14";"14.2273647671441";"58.4281303431836"
"Fiskgjuse";"0";"VLT 2665/17";"2017-10-10";"16.2129032238925";"61.9734347361815"
"Havsörn";"1";"VLT 783/18";"2018-04-17";"16.8798661090876";"58.8195129347372"
"Ormvråk";"0";"VLT 620/18, 1";"2018-03-28";"13.5142276461513";"55.7097953975485"
"Stadsduva";"0";"VLT 631/18";"2018-03-28";"11.9584143458546";"57.7471652419634"
"Kattuggla";"0";"VLT 809/18";"2018-04-20";"17.6432652118382";"59.8575590796243"
"Havsörn";"0";"VLT 830/18";"2018-04-24";"18.6181263089849";"59.5648135266048"
"Sångsvan";"0";"VLT 883/18";"2018-04-27";"13.3063859963065";"59.5736404427915"
"Gulsparv";"0";"VLT 916/18";"2018-05-07";"15.173143469521";"56.2281527238743"
"Havsörn";"0";"VLT 1033/18";"2018-05-23";"20.2041862679076";"67.7430208084195"
"Pilgrimsfalk";"0";"VLT 2121/18";"2018-10-19";"11.6120867689375";"58.1523474083405"
"Glada (Släkte)";"0";"VLT 2274/18";"2018-11-07";"13.1552635124053";"55.3701063866857"
"Havsörn";"0";"VLT 2294/18";"2018-11-08";"18.757094656883";"59.7256017608886"
"Hökuggla";"0";"VLT 2447/18";"2018-11-23";"21.1778964482159";"64.7078690980453"
"Knölsvan";"0";"VLT 2503/18";"2018-11-30";"13.1790045936378";"55.5805193078196"
"Duva (Släkte)";"0";"VLT 122/19";"2019-01-24";"12.07311304869";"57.6091452696375"
"Havsörn";"0";"VLT 945/19";"2019-05-17";"17.065592571982";"58.8178528082869"
"Kaja";"0";"VLT 45/17";"2017-01-10";"12.9964795881573";"55.5815552652195"
"Knölsvan";"1";"VLT 284/17";"2017-02-01";"18.0807415564725";"59.327323149487"
"Skata";"0";"VLT 1264/17";"2017-03-28";"16.6712609974595";"56.6234972048029"
"Kattuggla";"0";"VLT 1908/17";"2017-07-14";"12.9969235688401";"55.6002020062676"
"Grönfink";"0";"VLT 2031/17";"2017-08-04";"18.2153815559575";"60.2613637646734"
"Sparvhök";"0";"VLT 2053/17";"2017-08-08";"16.7709000590134";"59.6416152205141"
"Gräsand";"0";"VLT 2589/17";"2017-09-28";"12.6526965607469";"58.2839833490905"
"Pilgrimsfalk";"0";"VLT 2898/17, Acc nr. 20176284";"2017-11-14";"16.8370688099986";"58.5511468999421"
"Stadsduva";"0";"VLT 2927/17";"2017-11-15";"16.3504612904296";"56.6589722952913"
"Stadsduva";"0";"VLT 2574/18";"2018-12-12";"16.3198510637292";"58.4817502215833"
"Stadsduva";"0";"VLT 2179/18";"2018-10-24";"17.2404622271883";"59.1147836108838"
"Havsörn";"0";"VLT 917/19, Acc. nr.20196252";"2019-05-16";"13.551122845803";"58.342393981727"
"Havsörn";"1";"VLT 64/17";"2017-01-11";"16.4717030179219";"56.9816400597091"
"Kaja";"0";"VLT 148/17";"2017-01-17";"17.6742965838831";"59.871738958494"
"Sångsvan";"0";"VLT 836/17";"2017-02-08";"13.1105024221055";"55.7962080059771"
"Gräsand";"1";"VLT 974/17";"2017-02-28";"18.370171843482";"59.3273189339219"
"Sångsvan";"0";"VLT 990/17";"2017-03-01";"15.0004161193764";"60.7433896926599"
"Slaguggla";"0";"VLT 986/17";"2017-03-01";"13.1604538922421";"60.3466828289465"
"Skata";"0";"VLT 1263/17";"2017-03-28";"16.6712609974595";"56.6234972048029"
"Hornuggla";"0";"VLT 1333/17";"2017-04-19";"17.7739346738368";"59.9544333605867"
"Havsörn";"0";"VLT 1416/17";"2017-04-25";"18.2539562943305";"60.3466085706568"
"Havsörn";"0";"VLT 1516/17";"2017-05-10";"18.2082683203797";"57.0613986549935"
"Slaguggla";"0";"VLT 1602/17";"2017-05-17";"22.1580988599273";"65.740505563405"
"Kaja";"0";"VLT 1926/17";"2017-07-18";"11.9233398066711";"58.225279052527"
"Stenfalk";"0";"VLT 1997/17";"2017-08-01";"20.2053463055492";"63.7662098624519"
"Slaguggla";"0";"VLT 2422/17";"2017-09-14";"14.2802312821663";"60.8476803432863"
"Havsörn";"0";"acc.nr.20176183, VLT 2425/17";"2017-09-14";"18.8807886090649";"59.9218543040429"
"Lappuggla";"0";"VLT 2430/17";"2017-09-14";"14.2273647671441";"58.4281303431836"
"Ormvråk";"0";"VLT 2562/17";"2017-09-26";"14.1909481370659";"56.0125130199284"
"Skrattmås";"0";"VLT 2591/17";"2017-09-28";"14.7597959109229";"58.4218117475181"
"Sparvhök";"0";"VLT 663/18";"2018-03-29";"18.9196744960204";"57.8302535854006"
"Grönfink";"0";"VLT 1331/18";"2018-07-04";"16.8554667641821";"61.185616275008"
"Berguv";"0";"VLT 1531/18";"2018-08-28";"22.0268697271512";"65.6467078444666"
"Kattuggla";"0";"VLT 1992/18";"2018-10-03";"17.3549096317108";"62.4942055362795"
"Stadsduva";"0";"VLT 2114/18";"2018-10-19";"12.0795792027905";"57.7258710958473"
"Orre";"0";"VLT 2189/18";"2018-10-25";"17.717257342613";"60.2226315513786"
"Kattuggla";"0";"VLT 2257/18";"2018-11-06";"17.6262268548337";"59.1101720878844"
"Tornfalk";"0";"VLT 2350/18";"2018-11-15";"15.3175401514839";"59.2016620617989"
"Havsörn";"0";"VLT 736/19";"2019-04-16";"16.5198212369387";"58.2381668575565"
"Råka";"0";"VLT 808/19";"2019-04-30";"12.6985659532728";"56.0531576482361"
"Duvhök";"0";"VLT 847/19";"2019-05-08";"17.1321344945237";"61.2160310810857"
"Havsörn";"0";"VLT 913/19";"2019-05-16";"16.7102723308861";"57.6766741876767"
"Knölsvan";"1";"VLT 313/17";"2017-02-06";"18.089146646676";"59.3297623779363"
"Koltrast";"0";"VLT 1306/17";"2017-04-07";"13.2272541920101";"61.4326741457559"
"Duvhök";"0";"VLT 297/18";"2018-02-27";"17.6811197789437";"59.8594047415848"
"Ormvråk";"1";"VLT 382/18";"2018-03-07";"14.7355670024218";"56.0055904279916"
"Duvhök";"0";"VLT 528/18";"2018-03-20";"12.7853335076521";"59.6899276413364"
"Havsörn";"0";"VLT 952/18";"2018-05-15";"17.2444072375339";"58.8677458257699"
"Havsörn";"0";"VLT 1293/18";"2018-06-25";"19.7802679258139";"64.4915098418443"
"Hornuggla";"0";"VLT 1605/17";"2017-05-17";"21.4956200565861";"65.4157868537221"
"Slaguggla";"0";"VLT 1731/17";"2017-06-13";"16.8749350665958";"61.1532891598214"
"Grönfink";"0";"VLT 2058/17";"2017-08-10";"13.3520324167447";"58.3522021329304"
"Kungsörn";"0";"VLT 154/18";"2018-02-01";"20.0484065315696";"64.9912081729898"
"Sparvhök";"0";"VLT 433/18";"2018-03-13";"17.6460856500528";"59.8585342273364"
"Sparvhök";"0";"VLT 1843/18";"2018-09-19";"15.5641697922482";"58.3817822227641"
"Havsörn";"0";"VLT 2074/18";"2018-10-16";"17.0844947122974";"58.7778751256874"
"Stadsduva";"0";"VLT 2575/18";"2018-12-12";"16.3198510637292";"58.4817502215833"
"Gräsand";"0";"VLT 2413/18";"2018-11-21";"20.5523130912127";"63.9062949974456"
"Grågås";"0";"VLT 1468/17";"2017-04-28";"16.7932810314546";"58.803567881853"
"Grönfink";"0";"VLT 1644/17";"2017-05-24";"13.3977949326865";"55.7350502004429"
"Större hackspett";"0";"VLT 1740/17";"2017-06-13";"17.9972059881879";"59.2618376584155"
"Lärkfalk";"0";"VLT 1819/17";"2017-06-26";"16.1047743301797";"59.7053040107012"
"Knölsvan";"0";"VLT 2061/17";"2017-08-10";"12.8536612691852";"56.0604013357119"
"Ormvråk";"0";"VLT 2103/17";"2017-08-18";"16.6913307059319";"60.6681271938365"
"Gräsand";"0";"VLT 2397/17";"2017-09-12";"12.9914112153691";"55.6009381519535"
"Ormvråk";"0";"VLT 2725/17";"2017-10-17";"14.3805132284266";"55.5594216407588"
"Ormvråk";"0";"VLT 2726/17";"2017-10-17";"13.9361809425158";"55.5372755292516"
"Knölsvan";"0";"VLT 395/18";"2018-03-08";"15.6169758880784";"58.4159870411052"
"Gråtrut";"0";"VLT 2411/18";"2018-11-21";"20.5523130912127";"63.9062949974456"
"Kanadagås";"0";"VLT 2607/18";"2018-12-17";"17.9653179001629";"59.3722811043981"
"Pilgrimsfalk";"0";"VLT 1177/17";"2017-03-16";"12.7724932577281";"56.1859590572774"
"Havsörn";"0";"VLT 1168/17";"2017-03-16";"17.3473327925033";"59.2061342321521"
"Havsörn";"1";"VLT 1278/17";"2017-03-30";"16.7169861408215";"58.1750060545057"
"Stadsduva";"0";"VLT 1754/17";"2017-06-14";"12.6919702219614";"56.0421538470581"
"Gräsand";"0";"VLT 1745/17";"2017-06-13";"18.0244801715657";"59.328472739748"
"Ormvråk";"0";"VLT 1952/17";"2017-07-20";"16.3319542209051";"60.2004631745622"
"Kornknarr";"0";"VLT 1953/17";"2017-07-20";"17.5200071480476";"60.0399956454076"
"Lappuggla";"0";"VLT 2799/17";"2017-10-25";"20.519222885038";"64.688100318842"
"Slaguggla";"0";"VLT 166/18";"2018-02-01";"15.7492547009791";"60.8085660419328"
"Havsörn";"0";"VLT 254/18";"2018-02-20";"14.6380855595089";"59.0392801823915"
"Havsörn";"0";"VLT 440/18";"2018-03-13";"17.0704292053877";"61.6773986222094"
"Grönfink";"0";"VLT 538/18";"2018-03-21";"17.6631856787203";"59.8162583733436"
"Sångsvan";"0";"VLT 882/18";"2018-04-27";"13.3063859963065";"59.5736404427915"
"Havsörn";"0";"VLT 993/18";"2018-05-17";"17.0002983244483";"61.3280164439043"
"Havsörn";"0";"VLT 1937/18";"2018-09-27";"14.2940079969134";"57.8984302367356"
"Vigg";"0";"VLT 2082/18";"2018-10-17";"12.9905605342379";"55.5911060972876"
"Stadsduva";"0";"VLT 2122/18";"2018-10-19";"12.0511545212286";"57.7579501172726"
"Stadsduva";"0";"VLT 2214/18";"2018-10-31";"17.9010150664992";"59.4137368720867"
"Stadsduva";"0";"VLT 2406/18";"2018-11-21";"14.053483933333";"55.9567922682667"
"Pilgrimsfalk";"0";"VLT 2470/18, 90B29714, PE  Acc. 20186628";"2018-11-27";"12.1140591604063";"57.2584156740217"
"Havsörn";"0";"VLT 2467/18, Acc.nr 20186630";"2018-11-27";"13.1079573963491";"58.6281620153363"
"Havsörn";"0";"VLT 22/19";"2019-01-09";"19.8006631347653";"64.496059679363"
"Gråsiska";"0";"VLT 70/19";"2019-01-21";"17.5222455234965";"59.8525930657717"
"Havsörn";"0";"VLT 684/19";"2019-04-09";"16.4517236790233";"57.2741839296177"
"Havsörn";"0";"VLT 16/17";"2017-01-04";"17.7057690817579";"60.2286949759617"
"Ormvråk";"0";"VLT 890/17";"2017-02-14";"14.2755314161671";"56.0437370548231"
"Domherre";"0";"VLT 1352/17";"2017-04-20";"16.346461808757";"63.1350878628468"
"Knölsvan";"1";"VLT 923/17";"2017-02-17";"18.0715934693302";"59.3300687411804"
"Slaguggla";"0";"VLT 1729/17";"2017-06-12";"16.9214216774985";"60.1528960240598"
"Sparvhök";"0";"VLT 2174/17";"2017-08-28";"16.160959209828";"58.6531869640934"
"Korp";"0";"VLT 223/18";"2018-02-14";"13.3534355418964";"55.4820661030979"
"Gråsiska";"0";"VLT 266/18";"2018-02-21";"11.4471548064887";"58.4205257676195"
"Häger";"0";"VLT 360/18";"2018-03-06";"14.1369258346097";"55.8465635102462"
"Ormvråk";"1";"VLT 696/18";"2018-04-05";"14.4942056573649";"56.0929989808813"
"Tjäder";"0";"VLT 904/18";"2018-05-03";"17.45007268188";"60.2820491154687"
"Slaguggla";"0";"VLT 1389/18";"2018-07-19";"19.3382655267226";"64.4514223743393"
"Koltrast";"0";"VLT 271/19";"2019-02-06";"14.3332995248897";"56.048455352324"
"Gulsparv";"0";"VLT 710/19";"2019-04-11";"18.224865416994";"59.8943505064461"
"Havsörn";"0";"VLT 695/18";"2018-04-05";"16.4705282903111";"56.9452138629046"
"Fiskgjuse";"0";"VLT 954/18";"2018-05-16";"14.9690133645209";"56.3875329650832"
"Pärluggla";"0";"VLT 1897/18";"2018-09-21";"14.6381940933808";"63.1791502668753"
"Stormfågel";"0";"VLT 2241/18";"2018-11-01";"11.8361702358005";"57.7893080174886"
"Sparvhök";"0";"VLT 623/19";"2019-03-27";"18.1762841083917";"59.3409493901828"
"Havsörn";"0";"VLT 760/19";"2019-04-24";"19.099708250928";"63.3319987651526"
"Kaja";"0";"VLT 145/17";"2017-01-17";"17.6742965838831";"59.871738958494"
"Gräsand";"0";"VLT 228/17";"2017-01-24";"16.1833460673161";"58.5966271960263"
"Havsörn";"0";"VLT 223/17";"2017-01-24";"16.4081995221673";"56.7805084126629"
"Gräsand";"0";"VLT 262/17";"2017-01-27";"17.0184679960662";"59.3620727669989"
"Blåmes";"0";"VLT 280/17";"2017-02-01";"13.0989043948403";"58.0012655247694"
"Knölsvan";"0";"VLT 288/17";"2017-02-01";"18.0241229944215";"59.3108604911994"
"Berguv";"0";"VLT 47/18";"2018-01-17";"11.1132536092921";"58.9571734391145"
"Havsörn";"0";"VLT 134/18";"2018-01-30";"17.7390596153803";"62.9979540183488"
"Slaguggla";"0";"VLT 157/18";"2018-02-01";"21.1504071137768";"64.7736437898101"
"Slaguggla";"0";"VLT 515/18";"2018-03-16";"16.7335293027283";"60.5133746617478"
"Ormvråk";"0";"VLT 42/17";"2017-01-10";"13.0725296124246";"56.0408364629383"
"Gräsand";"0";"VLT 855/17";"2017-02-08";"18.743821131933";"59.7678893124079"
"Stenknäck";"0";"VLT 2423/17, acc.nr20176256";"2017-09-14";"13.0081635128444";"59.4895912974399"
"Kungsörn";"0";"VLT 2893/17 Acc nr. 20176210";"2017-11-14";"13.8480521800206";"61.4694444180115"
"Kungsörn";"0";"VLT 2977/17";"2017-11-21";"19.5998841844588";"63.7275223252304"
"Stadsduva";"0";"VLT 3004/17";"2017-11-24";"18.563091789962";"57.6437156849902"
"Skata";"0";"VLT 284/18";"2018-02-22";"18.0093806378704";"59.7162391541179"
"Slaguggla";"0";"VLT 975/18";"2018-05-17";"22.1469487991495";"65.6189997331858"
"Tornfalk";"0";"VLT 1000/18";"2018-05-18";"15.9378633283516";"61.8177678005381"
"Gräsand";"0";"VLT 1234/18";"2018-06-13";"12.982368398155";"55.5818957789577"
"Kaja";"0";"VLT 1275/18";"2018-06-19";"17.6291946479323";"59.9018098592105"
"Större hackspett";"0";"VLT 1288/18";"2018-06-21";"13.1687028284545";"56.1391308444388"
"Lappuggla";"0";"VLT 2166/18";"2018-10-23";"16.7545499817739";"62.6945349206312"
"Sångsvan";"0";"VLT 2328/18";"2018-11-12";"17.666110672505";"59.9470194060139"
"Lappuggla";"0";"VLT 2383/18";"2018-11-20";"13.7898237857531";"60.7168259156061"
"Kaja";"0";"VLT 5/19";"2019-01-04";"11.9402844572619";"57.6855866702075"
"Duva (Släkte)";"0";"VLT 345/19";"2019-02-18";"16.3653759656336";"56.6641059376931"
"Havsörn";"0";"VLT 899/19";"2019-05-15";"15.29982535917";"59.4498363886904"
"Havsörn";"0";"VLT 1171/17";"2017-03-16";"18.6066694655387";"60.1300000554234"
"Hökuggla";"0";"VLT 1310/17";"2017-04-10";"20.3703563681841";"63.7049980148039"
"Kattuggla";"0";"VLT 1588/17";"2017-05-16";"15.105564119784";"60.8737567671331"
"Kaja";"0";"VLT 1836/17";"2017-06-28";"16.4910006599105";"59.3659081904589"
"Grönfink";"0";"VLT 2278/17";"2017-09-06";"17.1560887784356";"59.0603386904799"
"Bofink";"0";"VLT 2297/17";"2017-09-06";"17.2018413234108";"60.6687171807145"
"Havsörn";"0";"VLT 2427/17";"2017-09-14";"16.3278375655239";"58.478162762871"
"Havsörn";"0";"VLT 2928/17";"2017-11-15";"21.6858445666012";"65.4305635397599"
"Kungsörn";"0";"VLT 162/18";"2018-02-01";"13.5134988201237";"60.6483311399673"
"Gråsparv";"0";"VLT 213/18";"2018-02-13";"17.7654013314899";"59.7210760577763"
"Lappuggla";"0";"VLT 237/18";"2018-02-15";"17.2192686653007";"61.7253862549508"
"Sparvhök";"0";"VLT 502/18";"2018-03-16";"17.1016887491792";"60.7034996059807"
"Lappuggla";"0";"VLT 945/18";"2018-05-14";"19.2195731536919";"63.9292190247192"
"Fiskgjuse";"0";"VLT 1001/18";"2018-05-18";"16.4638588743923";"61.5739686117961"
"Lappuggla";"0";"VLT 1933/18";"2018-09-27";"16.1176756056893";"62.5236366480924"
"Havsörn";"0";"VLT 1991/18";"2018-10-03";"17.0029220536455";"58.7687815503307"
"Större hackspett";"0";"VLT 1995/18";"2018-10-03";"17.373323495979";"62.296151849219"
"Lappuggla";"0";"VLT 2381/18";"2018-11-20";"14.9858545879226";"61.1686355757025"
"Kaja";"0";"VLT 407/19";"2019-03-01";"18.0912031511708";"59.3342163118365"
"Havsörn";"0";"VLT 459/19";"2019-03-07";"16.7378625594609";"56.7874538957262"
"Havsörn";"0";"VLT 504/19";"2019-03-12";"15.7370439636279";"58.2634832857783"
"Knölsvan";"1";"VLT 283/17";"2017-02-01";"18.0807415564725";"59.327323149487"
"Stadsduva";"0";"VLT 886/17";"2017-02-14";"15.0381940106291";"59.5200778060493"
"Gråhakedopping";"0";"VLT 1404/17";"2017-04-21";"12.8526385568224";"55.4080966113067"
"Gräsand";"0";"VLT 1892/17";"2017-07-11";"16.638169247519";"59.0674960364171"
"Berguv";"0";"VLT 1968/17";"2017-07-25";"15.4199362754436";"60.4813920042511"
"Hökuggla";"0";"VLT 2693/17";"2017-10-12";"20.1081208748116";"63.8332172823101"
"Gråsiska";"0";"VLT 221/18";"2018-02-14";"13.9620230085614";"58.1743123602247"
"Röd glada";"0";"VLT 379/18";"2018-03-07";"14.2806851649737";"56.0436751349417"
"Stadsduva";"0";"VLT 630/18";"2018-03-28";"11.9297049963612";"57.7013505582257"
"Havsörn";"0";"VLT 509/18";"2018-03-16";"17.1360757702582";"61.0455051523542"
"Skrattmås";"0";"VLT 1116/18";"2018-05-24";"17.1201798710771";"61.7245138691331"
"Lärkfalk";"0";"VLT 1297/18";"2018-06-26";"17.0477702799338";"61.301940497875"
"Lärkfalk";"0";"VLT 1538/18";"2018-08-28";"16.5040439350382";"59.5658753207706"
"Havsörn";"0";"VLT 1532/18";"2018-08-28";"20.8702211505088";"66.1389649689781"
"Ormvråk";"0";"VLT 1566/18";"2018-08-29";"17.4150459980155";"60.4521418564244"
"Knubbsäl";"0";"VLT 2088/18";"2018-10-18";"12.8224601189091";"55.3893905394675"
"Kattuggla";"0";"VLT 2188/18";"2018-10-25";"17.5810362655835";"60.1665111472487"
"Havsörn";"0";"VLT 7/19";"2019-01-04";"18.0921671769816";"60.1558224370423"
"Koltrast";"0";"VLT 272/19";"2019-02-06";"14.3332995248897";"56.048455352324"
"Havsörn";"0";"VLT 643/19";"2019-04-02";"13.8413056883922";"59.3589175733404"
"Havsörn";"0";"VLT 713/19, 20196166";"2019-04-11";"17.2383103044618";"59.6284471234653"
"Havsörn";"0";"VLT 846/19";"2019-05-08";"16.960884439158";"60.7629213223279"
"Havsörn";"0";"VLT 69/17";"2017-01-11";"16.7071220628905";"57.5048925145646"
"Havsörn";"1";"VLT 105/17, 1";"2017-01-13";"16.7759007952336";"58.0622920359547"
"Havsörn";"0";"VLT 254/17";"2017-01-27";"17.6821976330277";"58.9301046488058"
"Pilgrimsfalk";"1";"VLT 970/17";"2017-02-28";"13.1508807922281";"55.373821125558"
"Kaja";"0";"VLT 1925/17";"2017-07-18";"11.9233398066711";"58.225279052527"
"Grönfink";"0";"VLT 2032/17";"2017-08-04";"18.2153815559575";"60.2613637646734"
"Gråsparv";"0";"VLT 2473/17";"2017-09-20";"11.4363003499409";"58.4426835084459"
"Lappuggla";"0";"VLT 2827/17";"2017-10-30";"13.9672720702849";"60.8181249069384"
"Stadsduva";"0";"VLT 2956/17";"2017-11-17";"18.7614359505272";"57.6910262887075"
"Kungsörn";"0";"VLT 91/18";"2018-01-23";"21.3203491075401";"65.7768717664439"
"Knölsvan";"0";"VLT 921/18";"2018-05-08";"13.8336003076497";"58.3460726922085"
"Kattuggla";"0";"VLT 1023/18";"2018-05-22";"15.7323843755536";"58.6922394888014"
"Storskarv";"0";"VLT 838/17";"2017-02-08";"13.1105024221055";"55.7962080059771"
"Grönfink";"0";"VLT 1536/17";"2017-05-12";"16.5667493022364";"56.3685567677254"
"Havsörn";"0";"VLT 2245/17";"2017-09-01";"23.6658216237988";"65.735008756536"
"Lappuggla";"0";"VLT 984/18";"2018-05-17";"22.161854311377";"65.5782581778788"
"Gröngöling";"0";"VLT 1396/18";"2018-07-24";"13.0069477110736";"58.5123289068779"
"Stadsduva";"0";"VLT 2010/18";"2018-10-04";"11.9722695237687";"57.8659767941465"
"Havsörn";"0";"VLT 520/19";"2019-03-13";"13.4039350833329";"55.5621344321011"
"Havsörn";"0";"VLT 715/19, 20196156";"2019-04-11";"17.4160849292368";"60.5901645727489"
"Lappuggla";"0";"VLT 865/19";"2019-05-09";"14.6504143339853";"61.1143834374833"
"Tornfalk";"0";"VLT 1563/2018";"2018-08-29";"11.8377698905959";"58.8251213489718"
"Ringduva";"0";"VLT 156/17";"2017-01-18";"12.8138764031804";"56.0314245479882"
"Gräsand";"0";"VLT 259/17";"2017-01-27";"17.0184679960662";"59.3620727669989"
"Sångsvan";"0";"VLT 324/17";"2017-02-07";"13.1105024221055";"55.7962080059771"
"Kråka";"1";"VLT 321/17";"2017-02-07";"18.0898548703726";"59.3329827531214"
"Duvhök";"0";"VLT 1054/17";"2017-03-08";"15.6857192409937";"60.8302064784824"
"Havsörn";"0";"VLT 1283/17";"2017-03-30";"17.513151440794";"58.746471287186"
"Grönfink";"0";"VLT 2277/17";"2017-09-06";"17.1560887784356";"59.0603386904799"
"Sparvhök";"0";"VLT 2719/17";"2017-10-17";"13.7516560037335";"55.6431514345993"
"Sparvhök";"0";"VLT 2717/17";"2017-10-17";"13.3437890736349";"55.3830363717448"
"Slaguggla";"0";"VLT 2748/17";"2017-10-18";"17.8797322387404";"60.4017302330053"
"Större hackspett";"0";"VLT 2938/17";"2017-11-16";"13.1894200929558";"58.277373834296"
"Ringduva";"0";"VLT 17/18";"2018-01-09";"13.8508726021782";"58.3886347135455"
"Slaguggla";"0";"VLT 256/18";"2018-02-20";"14.594492674108";"61.0487337691619"
"Havsörn";"0";"VLT 330/18";"2018-03-02";"16.5428395321495";"59.1007315792074"
"Gräsand";"0";"VLT 454/18";"2018-03-14";"12.9645854305519";"55.608442275313"
"Ormvråk";"0";"B, VLT 627/18";"2018-03-28";"13.0896986919986";"55.5695143127895"
"Havsörn";"0";"VLT 831/18";"2018-04-24";"16.1218358849691";"58.1763296923292"
"Sparvhök";"0";"VLT 974/18";"2018-05-17";"17.9127970981059";"62.621906035018"
"Ormvråk";"0";"VLT 1130/18";"2018-05-29";"14.7457369949085";"56.1783972929398"
"Större hackspett";"0";"VLT 1260/18";"2018-06-14";"15.045870074635";"58.5240684595386"
"Havsörn";"0";"VLT 1940/18";"2018-09-27";"18.5766749536319";"60.0083308671475"
"Knölsvan";"0";"VLT 2310/18";"2018-11-09";"12.9934040221776";"55.5895090297788"
"Havsörn";"0";"VLT 2549/18";"2018-12-07";"17.9000087309136";"58.9833350289428"
"Kungsörn";"0";"VLT 295/19";"2019-02-08";"15.9778262689222";"62.5175976451819"
"Kaja";"0";"VLT 951/17";"2017-02-27";"16.5488579286943";"59.598985767994"
"Kaja";"0";"VLT 954/17";"2017-02-27";"16.5488579286943";"59.598985767994"
"Havsörn";"0";"VLT 186/17, Accnr.20176006";"2017-01-19";"12.2001907536296";"58.8223498910124"
"Sparvhök";"0";"VLT 994/17";"2017-03-01";"20.3634756412246";"63.7169996068784"
"Kråka";"0";"VLT 1712/17";"2017-06-02";"17.6319925392747";"59.7876506485423"
"Kanadagås";"0";"VLT 1709/17";"2017-06-02";"22.6929801925704";"65.7770832041986"
"Grönfink";"0";"VLT 2041/17";"2017-08-04";"17.4236941540976";"60.4798653494738"
"Berguv";"0";"VLT 2082/17";"2017-08-15";"14.8065747933356";"56.8767778484429"
"Kattuggla";"0";"VLT 2792/17";"2017-10-25";"13.36336262033";"57.478470787489"
"Pilfink";"0";"VLT 3063/17";"2017-12-15";"17.9649217217057";"59.357740781885"
"Kungsörn";"0";"VLT 20/18";"2018-01-09";"16.2725306777349";"60.1029145859769"
"Havsörn";"0";"VLT 437/18";"2018-03-13";"15.7198327205447";"58.3352967332542"
"Bofink";"0";"VLT 612/18";"2018-03-28";"15.0906527872041";"56.2639153504346"
"Stadsduva";"0";"VLT 625/18, 3";"2018-03-28";"13.029882172707";"55.5829816964667"
"Stadsduva";"0";"VLT 628/18";"2018-03-28";"11.9641224079058";"57.6934137192167"
"Ejder";"0";"VLT 729/18";"2018-04-11";"11.6486950970883";"58.1061861673259"
"Havsörn";"0";"VLT 771/18";"2018-04-16";"19.8071245071548";"66.3392830218779"
"Gräsand";"0";"VLT 820/18";"2018-04-24";"17.9734674209954";"59.3830830360899"
"Kattuggla";"0";"VLT 863/18";"2018-04-25";"17.8371559681422";"59.9507906663711"
"Kattuggla";"0";"VLT 874/18";"2018-04-26";"14.2877144763777";"57.5025443014171"
"Duvhök";"0";"VLT 1128/18";"2018-05-29";"19.5824977140056";"66.634456775736"
"Havsörn";"0";"VLT 1199/18";"2018-05-31";"17.1535080848018";"61.4163347790791"
"Vit stork";"0";"VLT 1510/18";"2018-08-27";"17.7177717587739";"59.7222179778779"
"Röd glada";"0";"VLT 1775/18";"2018-09-12";"13.7105477402298";"55.4775885397814"
"Duvhök";"0";"VLT 2427/18";"2018-11-22";"17.5904877160229";"59.7642219889665"
"Gräsand";"0";"VLT 2612/18";"2018-12-17";"17.9653179001629";"59.3722811043981"
"Duvhök";"0";"VLT 393/19";"2019-02-26";"17.6424571206259";"59.9050643366173"
"Kaja";"0";"VLT 595/19";"2019-03-21";"17.6345960902611";"59.8625368763915"
"Kaja";"0";"VLT 178/17";"2017-01-19";"12.6346383138601";"56.1000472891228"
"Knölsvan";"1";"VLT 286/17";"2017-02-01";"18.0807415564725";"59.327323149487"
"Gräsand";"0";"VLT 856/17";"2017-02-08";"18.743821131933";"59.7678893124079"
"Ormvråk";"1";"VLT 887/17";"2017-02-14";"13.0356047669997";"55.5771896557811"
"Havsörn";"0";"VLT 1360/17";"2017-04-21";"17.860024015019";"60.5562316917936"
"Havsörn";"0";"VLT 1743/17, Acc nr.20176135";"2017-06-13";"18.7475630834491";"60.1664975131139"
"Ormvråk";"0";"VLT 43/17";"2017-01-10";"14.0524994650768";"55.5985922224447"
"Havsörn";"0";"VLT 2426/17";"2017-09-14";"18.202788244703";"65.7806792429514"
"Fiskgjuse";"0";"VLT 2561/17";"2017-09-26";"12.8717873439105";"56.1012513107888"
"Lappuggla";"0";"VLT 712/18";"2018-04-10";"15.6510234779974";"62.2663881714242"
"Lappuggla";"0";"VLT 713/18";"2018-04-10";"15.0934348252335";"60.6744495866342"
"Berguv";"0";"VLT 1669/18";"2018-09-05";"15.0348895701444";"58.5879801616324"
"Lappuggla";"0";"VLT 2167/18";"2018-10-23";"16.7083056473812";"62.78389303349"
"Koltrast";"0";"VLT 604/19";"2019-03-22";"16.1722488959031";"56.5088046930183"
"Tornfalk";"0";"VLT 809/19";"2019-05-02";"19.0880993950582";"63.6368735036475"
"Lappuggla";"0";"VLT 889/19";"2019-05-14";"16.2704221403082";"62.4810423531195"
"Knölsvan";"0";"VLT 456/18";"2018-03-14";"12.9183627590843";"55.5893897729069"
"Havsörn";"0";"VLT 597/18";"2018-03-27";"17.1906909149909";"58.8396285144285"
"Kattuggla";"0";"VLT 514/18";"2018-03-16";"16.7728736265922";"60.6118262213013"
"Hornuggla";"0";"VLT 1998/18";"2018-10-03";"17.0017705540534";"62.3420924770993"
"Havsörn";"2";"VLT 1050/19";"2019-06-07";"17.0775738435408";"59.0852200012127"
"Havsörn";"2";"VLT 1048/19";"2019-06-07";"15.5978397511251";"59.0638378964107"
"Kungsörn";"2";"VLT 1036/19";"2019-06-05";"18.6982631660792";"64.8937852660208"
"Gräsand";"2";"VLT 1028/19";"2019-06-04";"17.2926431512112";"60.7339129843864"
"Havsörn";"2";"VLT 1034/19";"2019-06-05";"17.7363036302501";"62.6777700478933"
"Jorduggla";"0";"VLT 824/18";"2018-04-24";"16.2692654157323";"58.5768918531613"
"Havsörn";"0";"VLT 832/18";"2018-04-24";"13.4501592225072";"55.6918533251597"
"Berguv";"0";"VLT 840/18";"2018-04-24";"13.7218168530144";"57.5975801495458"
"Gräsand";"0";"VLT 2081/18";"2018-10-17";"12.9905605342379";"55.5911060972876"
"Vigg";"0";"VLT 2084/18";"2018-10-17";"12.9905605342379";"55.5911060972876"
"Kråka";"0";"VLT 521/19";"2019-03-13";"13.0044489627385";"55.72824082225"
"Kungsörn";"2";"VLT 1035/19";"2019-06-05";"19.6510126576095";"64.3575139971237"
"Havsörn";"2";"VLT 1051/19";"2019-06-07";"15.4124981230794";"62.7550020045984"
"Havsörn";"2";"VLT 1052/19";"2019-06-07";"17.019198854877";"59.4835030397912"
"Slaguggla";"0";"VLT 845/19";"2019-05-08";"16.152218679696";"61.8158789199231"
"Lappuggla";"0";"VLT 888/19";"2019-05-14";"16.7887252020334";"59.9295408344891"
"Kungsörn";"0";"VLT 63/17";"2017-01-11";"22.3086770609972";"65.6029243546085"
"Råka";"0";"VLT 1442/17";"2017-04-27";"12.940239807047";"55.5853026427136"
"Domherre";"0";"VLT 1518/17";"2017-05-11";"22.1649373240065";"65.58409006375"
"Havsörn";"0";"VLT 1855/17";"2017-06-30";"20.1778647927469";"67.5891925253187"
"Grönfink";"0";"VLT 2504/17";"2017-09-22";"17.6922809049166";"63.1474892963774"
"Lappuggla";"0";"VLT 2535/17";"2017-09-22";"15.618643447967";"62.5193713940685"
"Fiskgjuse";"0";"VLT 2895/17, Acc nr. 20176369";"2017-11-14";"16.6969401532673";"59.1012198904728"
"Slaguggla";"0";"VLT 224/18";"2018-02-14";"16.1020549027774";"61.8270510712004"
"Sädesärla";"0";"VLT 908/18";"2018-05-04";"15.176687447241";"56.2145732951732"
"Kattuggla";"0";"VLT 1029/18";"2018-05-23";"17.2438442079329";"60.3921961491217"
"Havsörn";"0";"VLT 1384/18";"2018-07-17";"17.0629989811196";"58.6613672752812"
"Storskarv";"0";"VLT 67/17";"2017-01-11";"12.6075646433799";"56.1199722282854"
"Pilgrimsfalk";"1";"VLT 138/17";"2017-01-16";"18.3882100679327";"56.9887973876668"
"Havsörn";"0";"VLT 784/18";"2018-04-17";"17.3170585905825";"59.0366378795418"
"Tornfalk";"0";"VLT 1805/18";"2018-09-14";"15.4052612170418";"60.4621420094968"
"Stadsduva";"0";"VLT 1876/18";"2018-09-20";"12.2507358706071";"57.1049587091521"
"Gråtrut";"0";"VLT 75/19";"2019-01-22";"14.6803036606714";"56.1032701319907"
"Havsörn";"0";"VLT 639/19, Acc.nr20196238";"2019-04-02";"18.0739715119247";"59.0489508758192"
"Havsörn";"0";"VLT 712/19";"2019-04-11";"17.8913949556107";"58.96054856063"
"Fiskgjuse";"0";"VLT 2210/18";"2018-10-31";"17.8430238343516";"59.621172508176"
"Duvhök";"0";"VLT 56/19";"2019-01-17";"17.1876954019486";"59.1987886249397"
"Kaja";"0";"VLT 408/19";"2019-03-01";"18.0912031511708";"59.3342163118365"
"Ringduva";"2";"VLT 1025/19";"2019-05-31";"17.5697182600781";"59.85568266155"
"Kaja";"2";"VLT 1029/19";"2019-06-04";"12.9750642454279";"55.5952060091715"
